subscribers,video views,category,uploads,Country,channel_type,lowest_yearly_earnings,highest_yearly_earnings,created_year,created_month,Gross tertiary education enrollment (%),Population,Unemployment rate
245000000,228000000000.0,Music,20082,India,Music,6800000.0,108400000.0,2006.0,Mar,28.1,1366417754.0,5.36
170000000,0.0,Film & Animation,1,United States,Games,0.04,0.58,2006.0,Mar,88.2,328239523.0,14.7
166000000,28368841870.0,Entertainment,741,United States,Entertainment,4000000.0,64700000.0,2012.0,Feb,88.2,328239523.0,14.7
162000000,164000000000.0,Education,966,United States,Education,5900000.0,94800000.0,2006.0,Sep,88.2,328239523.0,14.7
159000000,148000000000.0,Shows,116536,India,Entertainment,5500000.0,87500000.0,2006.0,Sep,28.1,1366417754.0,5.36
112000000,93247040539.0,People & Blogs,1111,United States,Entertainment,2200000.0,35100000.0,2015.0,May,88.2,328239523.0,14.7
111000000,29058044447.0,Gaming,4716,Japan,Entertainment,117600.0,1900000.0,2010.0,Apr,63.2,126226568.0,2.29
106000000,90479060027.0,People & Blogs,493,Russia,People,146800.0,2300000.0,2016.0,Jan,81.9,144373535.0,4.59
98900000,77180169894.0,Entertainment,574,United States,Entertainment,1700000.0,27900000.0,2018.0,Apr,88.2,328239523.0,14.7
96700000,57856289381.0,Music,8548,India,Music,2400000.0,38600000.0,2014.0,Mar,28.1,1366417754.0,5.36
96000000,77428473662.0,Sports,70127,United States,Sports,2100000.0,34300000.0,2007.0,May,88.2,328239523.0,14.7
89800000,32144597566.0,People & Blogs,543,South Korea,Music,1500000.0,23900000.0,2016.0,Jun,94.3,51709098.0,4.15
83000000,101000000000.0,Shows,71270,India,Entertainment,5000000.0,79600000.0,2007.0,Aug,28.1,1366417754.0,5.36
80100000,26236790209.0,Howto & Style,1,United Kingdom,Entertainment,0.0,0.05,2020.0,Jul,60.0,66834405.0,3.85
75600000,20826993957.0,Music,2281,South Korea,Music,504900.0,8100000.0,2012.0,Dec,94.3,51709098.0,4.15
71600000,30608119724.0,Music,249,Canada,Music,529000.0,8500000.0,2007.0,Jan,68.9,36991981.0,5.56
71300000,28634566938.0,Music,1337,South Korea,Music,1800000.0,28700000.0,2008.0,Jun,94.3,51709098.0,4.15
70500000,73139054467.0,Entertainment,129204,India,Entertainment,5100000.0,81900000.0,2005.0,Dec,28.1,1366417754.0,5.36
68200000,38843229963.0,Education,2865,United States,Education,1400000.0,22700000.0,2011.0,Dec,88.2,328239523.0,14.7
66500000,36775585925.0,Music,2572,Brazil,Music,0.0,0.0,2012.0,Mar,51.3,212559417.0,12.08
65900000,45757850229.0,Education,633,India,Education,1300000.0,20200000.0,2013.0,Feb,28.1,1366417754.0,5.36
65600000,28648024439.0,Music,8502,India,Music,764900.0,12200000.0,2010.0,Jun,28.1,1366417754.0,5.36
64600000,61510906457.0,Shows,112915,India,Entertainment,3600000.0,57000000.0,2008.0,Jun,28.1,1366417754.0,5.36
61000000,29533230328.0,Music,13,India,Music,0.03,0.48,2018.0,Aug,28.1,1366417754.0,5.36
59500000,16241549158.0,Sports,389,United States,Sports,423600.0,6800000.0,2009.0,Mar,88.2,328239523.0,14.7
59500000,59316472754.0,Film & Animation,39113,United States,Film,344000.0,5500000.0,2006.0,Apr,88.2,328239523.0,14.7
59300000,33431802698.0,Music,4741,India,Music,1300000.0,20300000.0,2007.0,May,28.1,1366417754.0,5.36
58400000,57271630846.0,Music,1510,Argentina,Music,1800000.0,29400000.0,2011.0,Jun,90.0,44938712.0,9.79
58000000,40602020243.0,Music,19487,India,Music,696100.0,11100000.0,2014.0,Oct,28.1,1366417754.0,5.36
57600000,25307753534.0,News & Politics,283775,India,News,1400000.0,22100000.0,2009.0,Aug,28.1,1366417754.0,5.36
57200000,28837144516.0,Music,3882,India,Music,777900.0,12400000.0,2009.0,Sep,28.1,1366417754.0,5.36
56900000,27073872856.0,Music,156,United States,Music,780600.0,12500000.0,2007.0,Feb,88.2,328239523.0,14.7
56400000,14696003229.0,Entertainment,436,United States,Music,336300.0,5400000.0,2015.0,Apr,88.2,328239523.0,14.7
54600000,35302243691.0,Film & Animation,3707,India,Music,1500000.0,24600000.0,2006.0,Jun,28.1,1366417754.0,5.36
53500000,30367676736.0,Music,383,United Kingdom,Music,608200.0,9700000.0,2006.0,Aug,60.0,66834405.0,3.85
53300000,30516172739.0,Education,577,India,Education,2400000.0,39200000.0,2014.0,Jun,28.1,1366417754.0,5.36
52900000,29884657286.0,Music,216,United States,Music,1600000.0,25400000.0,2006.0,Sep,88.2,328239523.0,14.7
52700000,24004842608.0,Music,147,United States,Music,480600.0,7700000.0,2007.0,Jan,88.2,328239523.0,14.7
52200000,9877365274.0,Education,847,United States,Education,800200.0,12800000.0,2013.0,Oct,88.2,328239523.0,14.7
48100000,14631710289.0,Gaming,2052,Chile,Games,199200.0,3200000.0,2013.0,May,88.5,18952038.0,7.09
47900000,13626331061.0,Music,65,United States,Music,440600.0,7000000.0,2013.0,Feb,88.2,328239523.0,14.7
47500000,30788679536.0,Entertainment,3322,Russia,Film,919600.0,14700000.0,2006.0,Dec,81.9,144373535.0,4.59
47400000,22519705183.0,Entertainment,11451,India,Entertainment,698200.0,11200000.0,2007.0,Sep,28.1,1366417754.0,5.36
46600000,27286058807.0,Music,3444,United States,Music,943500.0,15100000.0,2009.0,Sep,88.2,328239523.0,14.7
46300000,22936630813.0,Gaming,1,Cuba,People,0.28,5.0,2006.0,Mar,41.4,11333483.0,1.64
46100000,10323391593.0,Gaming,543,El Salvador,Games,101500.0,1600000.0,2011.0,May,29.4,6453553.0,4.11
45500000,21388725229.0,Entertainment,4660,India,Entertainment,702000.0,11200000.0,2016.0,Nov,28.1,1366417754.0,5.36
45200000,16602198273.0,Entertainment,4331,Brazil,Entertainment,391100.0,6300000.0,2006.0,May,51.3,212559417.0,12.08
44700000,7828610828.0,Entertainment,1558,Brazil,Entertainment,144100.0,2300000.0,2013.0,Sep,51.3,212559417.0,12.08
44600000,41139050371.0,Entertainment,100755,Pakistan,Entertainment,4000000.0,64200000.0,2008.0,Jan,9.0,216565318.0,4.45
44200000,25458952022.0,Music,128,United States,Music,402700.0,6400000.0,2008.0,Jun,88.2,328239523.0,14.7
44200000,4274709210.0,Comedy,558,Brazil,Comedy,80100.0,1300000.0,2013.0,Jan,51.3,212559417.0,12.08
44200000,50292540392.0,People & Blogs,193890,Philippines,Entertainment,529900.0,8500000.0,2008.0,Jul,35.5,108116615.0,2.15
43700000,12884264778.0,Music,8,Thailand,Film,0.07,1.0,2006.0,May,49.3,69625582.0,0.75
43500000,27568757295.0,People & Blogs,326,Colombia,Howto,1100000.0,17000000.0,2005.0,Oct,55.3,50339443.0,9.71
43200000,36458726976.0,Film & Animation,1478,Russia,Education,911300.0,14600000.0,2011.0,May,81.9,144373535.0,4.59
43200000,37939780685.0,Entertainment,109871,Pakistan,Entertainment,3400000.0,55200000.0,2016.0,Jul,9.0,216565318.0,4.45
42500000,26820902622.0,Music,10938,India,Music,479300.0,7700000.0,2012.0,Nov,28.1,1366417754.0,5.36
42400000,24519022988.0,Shows,1218,United States,Film,2000000.0,32200000.0,2014.0,Sep,88.2,328239523.0,14.7
42400000,19547696190.0,Entertainment,618,United States,Entertainment,159600.0,2600000.0,2017.0,Nov,88.2,328239523.0,14.7
41900000,22477745835.0,Entertainment,84,Barbados,Music,548800.0,8800000.0,2005.0,Nov,65.4,287025.0,10.33
41400000,17608931161.0,Trailers,4510,India,Music,542800.0,8700000.0,2005.0,Sep,28.1,1366417754.0,5.36
41300000,5603111948.0,People & Blogs,291,Mexico,People,410200.0,6600000.0,2016.0,Nov,40.2,126014024.0,3.42
40900000,39450824833.0,Education,2423,United States,Education,296300.0,4700000.0,2011.0,Jun,88.2,328239523.0,14.7
40600000,8670473639.0,Comedy,0,Mexico,Comedy,0.0,0.0,2010.0,Jun,40.2,126014024.0,3.42
39700000,23884824160.0,People & Blogs,1596,United Arab Emirates,People,743200.0,11900000.0,2017.0,Nov,36.8,9770529.0,2.35
39200000,3294013141.0,Comedy,186,India,Comedy,236100.0,3800000.0,2014.0,Oct,28.1,1366417754.0,5.36
39200000,10507474316.0,Music,133,United States,Music,175100.0,2800000.0,2015.0,Jun,88.2,328239523.0,14.7
39200000,44900897958.0,Education,744,Canada,Education,1700000.0,26900000.0,2006.0,Sep,68.9,36991981.0,5.56
39100000,16118181673.0,Gaming,1876,Spain,Games,792300.0,12700000.0,2015.0,Jul,88.9,47076781.0,13.96
39000000,36131228583.0,Entertainment,72580,Thailand,Entertainment,391400.0,6300000.0,2012.0,Nov,49.3,69625582.0,0.75
38900000,25154232306.0,Music,3043,Brazil,Music,4900000.0,78500000.0,2014.0,Aug,51.3,212559417.0,12.08
38600000,7339333120.0,Nonprofits & Activism,200933,United States,Nonprofit,136900.0,2200000.0,2009.0,Jun,88.2,328239523.0,14.7
38400000,21528116909.0,People & Blogs,982,Saudi Arabia,Games,4800.0,76300.0,2018.0,May,68.0,34268528.0,5.93
38300000,16718192386.0,Music,3532,India,Music,2400000.0,39100000.0,2015.0,Aug,28.1,1366417754.0,5.36
38200000,13598903820.0,Music,11,United States,Music,19.0,305.0,2016.0,Jun,88.2,328239523.0,14.7
38200000,22756581750.0,Entertainment,15672,United States,Entertainment,65400.0,1000000.0,2006.0,Nov,88.2,328239523.0,14.7
38200000,28519339489.0,Shows,24089,India,Entertainment,1200000.0,20000000.0,2014.0,May,28.1,1366417754.0,5.36
38000000,22731415608.0,Music,505,United States,Music,616800.0,9900000.0,2011.0,May,88.2,328239523.0,14.7
37600000,18208196857.0,Entertainment,743,United States,Entertainment,963100.0,15400000.0,2017.0,Apr,88.2,328239523.0,14.7
37500000,27262462114.0,Entertainment,117152,Thailand,Entertainment,422300.0,6800000.0,2013.0,Jan,49.3,69625582.0,0.75
37200000,16402066717.0,Comedy,220,India,Comedy,149600.0,2400000.0,2017.0,Mar,28.1,1366417754.0,5.36
37000000,13102611515.0,People & Blogs,301308,India,News,801200.0,12800000.0,2012.0,Jun,28.1,1366417754.0,5.36
37000000,24188861917.0,People & Blogs,744,Brazil,Entertainment,754300.0,12100000.0,2015.0,Sep,51.3,212559417.0,12.08
36700000,19378155425.0,Music,99,United States,Music,525700.0,8400000.0,2006.0,Sep,88.2,328239523.0,14.7
36600000,22553923546.0,Music,171,United States,Music,458500.0,7300000.0,2006.0,Mar,88.2,328239523.0,14.7
36600000,15653786446.0,Trailers,9168,India,Entertainment,0.0,0.0,2009.0,Oct,28.1,1366417754.0,5.36
36300000,3010784935.0,News & Politics,744,United States,Entertainment,63300.0,1000000.0,1970.0,Jan,88.2,328239523.0,14.7
35700000,27118354077.0,Music,654,Argentina,Music,906200.0,14500000.0,2013.0,Jun,90.0,44938712.0,9.79
35500000,15657673422.0,Entertainment,7566,India,Music,1600000.0,25600000.0,2013.0,Jan,28.1,1366417754.0,5.36
35500000,16105023749.0,News & Politics,273255,India,News,872500.0,14000000.0,2006.0,Aug,28.1,1366417754.0,5.36
35400000,22637783517.0,Music,2010,India,Music,994400.0,15900000.0,2012.0,Apr,28.1,1366417754.0,5.36
35200000,20297931219.0,Gaming,5490,United States,Games,382000.0,6100000.0,2012.0,May,88.2,328239523.0,14.7
35200000,55299840198.0,Entertainment,2453,United States,Entertainment,715800.0,11500000.0,2015.0,Mar,88.2,328239523.0,14.7
34900000,25607397308.0,Education,617,United States,Film,1000000.0,16100000.0,2016.0,Jan,88.2,328239523.0,14.7
34300000,12746535822.0,Music,679,India,Music,304100.0,4900000.0,2016.0,Oct,28.1,1366417754.0,5.36
34100000,23005313609.0,Music,141,Colombia,Music,386100.0,6200000.0,2011.0,Feb,55.3,50339443.0,9.71
34000000,3963007415.0,Entertainment,2284,Indonesia,Entertainment,1600000.0,26300000.0,2017.0,Sep,36.3,270203917.0,4.69
34000000,11351015824.0,Film & Animation,240,India,Film,539700.0,8600000.0,2013.0,Jan,28.1,1366417754.0,5.36
33800000,15432929204.0,Gaming,7606,Spain,Games,117300.0,1900000.0,2008.0,Mar,88.9,47076781.0,13.96
33800000,27274550757.0,Film & Animation,66,Brazil,Film,1200000.0,19400000.0,2006.0,Aug,51.3,212559417.0,12.08
33700000,23492684419.0,Gaming,3366,United States,Entertainment,632900.0,10100000.0,2013.0,Jan,88.2,328239523.0,14.7
33600000,13013567335.0,Film & Animation,188,United States,Music,347400.0,5600000.0,2008.0,Feb,88.2,328239523.0,14.7
33500000,14864294792.0,Music,3741,India,Entertainment,816800.0,13100000.0,2006.0,Mar,28.1,1366417754.0,5.36
33500000,29611914495.0,Entertainment,96214,Thailand,Entertainment,0.0,0.0,2014.0,May,49.3,69625582.0,0.75
33500000,11405809704.0,Comedy,217,India,Comedy,74200.0,1200000.0,2013.0,Nov,28.1,1366417754.0,5.36
33400000,10530729078.0,Music,1331,United Kingdom,Music,167000.0,2700000.0,2011.0,Aug,60.0,66834405.0,3.85
33400000,20269857567.0,Education,338,India,Education,408300.0,6500000.0,2008.0,Aug,28.1,1366417754.0,5.36
33300000,5994136760.0,People & Blogs,2736,Indonesia,Entertainment,471300.0,7500000.0,2016.0,Jan,36.3,270203917.0,4.69
32800000,26355088167.0,Education,2122,United States,Education,382500.0,6100000.0,2016.0,Jul,88.2,328239523.0,14.7
32700000,17853798780.0,Entertainment,1521,India,Entertainment,60800.0,972600.0,2012.0,Mar,28.1,1366417754.0,5.36
32700000,28516250629.0,Music,2068,United States,Music,989600.0,15800000.0,2010.0,May,88.2,328239523.0,14.7
32600000,23379969006.0,Music,169,Canada,Music,1100000.0,17900000.0,2011.0,Feb,68.9,36991981.0,5.56
32100000,18699145555.0,Music,134,Colombia,Music,1400000.0,22400000.0,2013.0,Mar,55.3,50339443.0,9.71
32100000,10602236110.0,Shows,3091,United Kingdom,Comedy,169600.0,2700000.0,2006.0,Jan,60.0,66834405.0,3.85
32100000,13061739758.0,Gaming,11882,Brazil,Entertainment,133500.0,2100000.0,2012.0,Feb,51.3,212559417.0,12.08
32000000,26800674545.0,Entertainment,44892,India,Entertainment,5000000.0,80000000.0,2006.0,May,28.1,1366417754.0,5.36
31900000,19428308461.0,Entertainment,93311,Philippines,Entertainment,2400000.0,38300000.0,2006.0,Nov,35.5,108116615.0,2.15
31800000,6762424690.0,Howto & Style,6734,Mexico,Howto,94400.0,1500000.0,2017.0,Jun,40.2,126014024.0,3.42
31700000,5711208484.0,Science & Technology,929,India,Tech,327400.0,5200000.0,2012.0,Jun,28.1,1366417754.0,5.36
31700000,16476978876.0,Music,6518,India,Music,337900.0,5400000.0,2012.0,Mar,28.1,1366417754.0,5.36
31700000,21031745531.0,Entertainment,166,United States,Entertainment,459800.0,7400000.0,2018.0,Apr,88.2,328239523.0,14.7
31700000,2930015381.0,Gaming,116,United States,Games,81100.0,1300000.0,2014.0,Feb,88.2,328239523.0,14.7
31600000,11615848291.0,Entertainment,1321,United States,Entertainment,936300.0,15000000.0,2011.0,Jan,88.2,328239523.0,14.7
31600000,26583873105.0,Music,204,United States,Music,315400.0,5000000.0,2009.0,Sep,88.2,328239523.0,14.7
31400000,22919271731.0,Film & Animation,3589,United Kingdom,Education,734800.0,11800000.0,2013.0,Oct,60.0,66834405.0,3.85
31200000,9673649438.0,People & Blogs,65,Venezuela,Comedy,11.0,172.0,2018.0,Dec,79.3,28515829.0,8.8
31200000,17111726160.0,Comedy,8976,United States,Comedy,0.0,0.0,2006.0,Jan,88.2,328239523.0,14.7
31200000,6187804950.0,Entertainment,3027,Argentina,Games,572000.0,9200000.0,2015.0,Feb,90.0,44938712.0,9.79
30700000,16793072362.0,Music,92,United States,Music,566500.0,9100000.0,2009.0,Aug,88.2,328239523.0,14.7
30700000,3145161634.0,Comedy,67,India,Entertainment,95500.0,1500000.0,2016.0,Oct,28.1,1366417754.0,5.36
30500000,16709857823.0,News & Politics,180092,India,News,1400000.0,22200000.0,2007.0,Jun,28.1,1366417754.0,5.36
30500000,4521573939.0,Gaming,641,Kuwait,Entertainment,473700.0,7600000.0,2016.0,Jul,54.4,4207083.0,2.18
30400000,4332274962.0,Entertainment,2197,Indonesia,Entertainment,64300.0,1000000.0,2014.0,Jan,36.3,270203917.0,4.69
30400000,14037426379.0,Music,2725,United States,Music,137500.0,2200000.0,2012.0,Sep,88.2,328239523.0,14.7
30300000,13546549817.0,Entertainment,223,United States,Entertainment,68200.0,1100000.0,2012.0,Feb,88.2,328239523.0,14.7
30200000,14199108016.0,Music,15,United Kingdom,Music,411300.0,6600000.0,2008.0,Apr,60.0,66834405.0,3.85
30200000,15199330166.0,Comedy,2,United States,Entertainment,0.0,0.0,2008.0,Jun,88.2,328239523.0,14.7
30200000,27684955537.0,Entertainment,3254,Jordan,Music,349300.0,5600000.0,2008.0,Nov,34.4,10101694.0,14.72
30100000,19607009165.0,Music,11501,Netherlands,Music,300100.0,4800000.0,2007.0,Jul,85.0,17332850.0,3.2
30100000,22593193994.0,Education,1349,United States,Education,322600.0,5200000.0,2015.0,Dec,88.2,328239523.0,14.7
30000000,12831200855.0,Music,133,Canada,Music,266200.0,4300000.0,2011.0,Jan,68.9,36991981.0,5.56
29800000,4457913639.0,Comedy,151,India,Comedy,78500.0,1300000.0,2009.0,Jul,28.1,1366417754.0,5.36
29600000,17208027242.0,Music,4903,United States,Music,245700.0,3900000.0,2006.0,Oct,88.2,328239523.0,14.7
29300000,21226945136.0,Music,14,Argentina,People,0.05,0.72,2015.0,Oct,90.0,44938712.0,9.79
29200000,14727238483.0,Entertainment,1513,United States,Entertainment,0.0,0.0,2015.0,Jan,88.2,328239523.0,14.7
29200000,11627437847.0,Comedy,3654,Brazil,Games,909300.0,14500000.0,2012.0,Nov,51.3,212559417.0,12.08
29200000,4079141673.0,Comedy,404,Spain,Comedy,36400.0,582900.0,2006.0,Feb,88.9,47076781.0,13.96
28900000,17930570614.0,Education,555,India,Education,329500.0,5300000.0,2014.0,Mar,28.1,1366417754.0,5.36
28400000,9956764048.0,Entertainment,5809,United States,Entertainment,79300.0,1300000.0,2006.0,Nov,88.2,328239523.0,14.7
28400000,10062770060.0,Movies,5436,India,Film,682100.0,10900000.0,2012.0,Feb,28.1,1366417754.0,5.36
28300000,14814192034.0,Education,505,India,Education,864300.0,13800000.0,2014.0,Mar,28.1,1366417754.0,5.36
28300000,23844936965.0,Entertainment,106983,Pakistan,Entertainment,2100000.0,32900000.0,2011.0,May,9.0,216565318.0,4.45
28200000,7600740993.0,Entertainment,3009,India,Film,554900.0,8900000.0,2011.0,Mar,28.1,1366417754.0,5.36
28200000,14412474625.0,Music,15,United States,Music,475800.0,7600000.0,2005.0,Jun,88.2,328239523.0,14.7
27800000,21037851468.0,Music,292,Australia,Music,382300.0,6100000.0,2013.0,Jan,113.1,25766605.0,5.27
27700000,15777682516.0,Music,619,Colombia,Music,521500.0,8300000.0,2009.0,Jul,55.3,50339443.0,9.71
27500000,4552581106.0,People & Blogs,27,United States,Music,0.0,0.0,2011.0,Jun,88.2,328239523.0,14.7
27500000,13379395501.0,Music,682,United States,Music,271300.0,4300000.0,2008.0,May,88.2,328239523.0,14.7
27400000,19883150017.0,Music,1753,South Korea,Music,922900.0,14800000.0,2008.0,Jan,94.3,51709098.0,4.15
27400000,10336420490.0,People & Blogs,642,United States,Entertainment,527500.0,8400000.0,2015.0,May,88.2,328239523.0,14.7
27400000,19417887510.0,Gaming,3664,United Kingdom,Games,236000.0,3800000.0,2012.0,Jul,60.0,66834405.0,3.85
27300000,22440611155.0,Film & Animation,5438,United States,Entertainment,127600.0,2000000.0,2012.0,Sep,88.2,328239523.0,14.7
27300000,7705492350.0,Entertainment,1259,India,Tech,306700.0,4900000.0,2017.0,Sep,28.1,1366417754.0,5.36
27100000,17318452893.0,Entertainment,889,India,Entertainment,1300000.0,20600000.0,2015.0,Sep,28.1,1366417754.0,5.36
27000000,6570935979.0,Comedy,554,United States,Entertainment,433400.0,6900000.0,2009.0,Aug,88.2,328239523.0,14.7
26900000,7938616641.0,Entertainment,3956,Brazil,Entertainment,248700.0,4000000.0,2011.0,Sep,51.3,212559417.0,12.08
26700000,4388047013.0,People & Blogs,241,United States,Entertainment,828600.0,13300000.0,2016.0,Apr,88.2,328239523.0,14.7
26700000,10317306313.0,Comedy,975,Colombia,Comedy,73100.0,1200000.0,2011.0,Nov,55.3,50339443.0,9.71
26700000,7173668905.0,Entertainment,6471,United States,Entertainment,354700.0,5700000.0,2012.0,Jul,88.2,328239523.0,14.7
26500000,15065753455.0,News & Politics,10022,Philippines,News,489400.0,7800000.0,2016.0,Apr,35.5,108116615.0,2.15
26500000,20358117330.0,Music,6873,United States,Music,267300.0,4300000.0,2008.0,Nov,88.2,328239523.0,14.7
26400000,8595760553.0,Film & Animation,3622,India,Film,299000.0,4800000.0,2015.0,Jul,28.1,1366417754.0,5.36
26400000,27006526665.0,Comedy,865,United States,Comedy,3100000.0,50200000.0,2020.0,Feb,88.2,328239523.0,14.7
26400000,17211600007.0,Entertainment,967,Italy,Entertainment,3700000.0,58800000.0,2020.0,Dec,61.9,60297396.0,9.89
26300000,4749833967.0,Entertainment,190,India,Entertainment,51800.0,828600.0,2015.0,Jun,28.1,1366417754.0,5.36
26200000,16097531087.0,Entertainment,5985,Japan,Entertainment,2200000.0,34600000.0,2020.0,Sep,63.2,126226568.0,2.29
26100000,10435474336.0,Comedy,1619,United States,Comedy,204500.0,3300000.0,2005.0,Nov,88.2,328239523.0,14.7
26100000,7886440199.0,Entertainment,0,Saudi Arabia,Music,0.0,0.0,2019.0,Jul,68.0,34268528.0,5.93
26000000,17308961985.0,Music,240,United States,Music,166400.0,2700000.0,2005.0,Nov,88.2,328239523.0,14.7
25900000,11372071889.0,Music,65286,Indonesia,Entertainment,690500.0,11000000.0,2013.0,Sep,36.3,270203917.0,4.69
25800000,15541421838.0,Gaming,1762,Canada,Games,164800.0,2600000.0,2011.0,Sep,68.9,36991981.0,5.56
25700000,17793809548.0,Music,749,United States,Music,492600.0,7900000.0,2009.0,Dec,88.2,328239523.0,14.7
25700000,7466926260.0,People & Blogs,982,Mexico,People,91500.0,1500000.0,2012.0,Dec,40.2,126014024.0,3.42
25700000,10242981063.0,Music,42,United States,Music,310900.0,5000000.0,2013.0,Aug,88.2,328239523.0,14.7
25600000,25592378292.0,Music,287,United States,Music,955800.0,15300000.0,2009.0,May,88.2,328239523.0,14.7
25500000,14401218086.0,Music,78,United States,Music,586500.0,9400000.0,2011.0,Dec,88.2,328239523.0,14.7
25400000,6430853035.0,People & Blogs,3716,Indonesia,Entertainment,175500.0,2800000.0,2015.0,Dec,36.3,270203917.0,4.69
25400000,34300482066.0,Comedy,8775,United States,Games,2400000.0,39100000.0,2016.0,Jul,88.2,328239523.0,14.7
25300000,17331663193.0,Music,398,United Kingdom,Music,596600.0,9500000.0,2010.0,Jan,60.0,66834405.0,3.85
25200000,11081602368.0,People & Blogs,2025,United States,Film,421000.0,6700000.0,2015.0,Mar,88.2,328239523.0,14.7
25200000,10409352249.0,News & Politics,51129,India,News,821800.0,13100000.0,2015.0,Mar,28.1,1366417754.0,5.36
25100000,19458807708.0,Music,118,United States,Music,282700.0,4500000.0,2009.0,May,88.2,328239523.0,14.7
25100000,16357064198.0,Music,24837,Canada,Entertainment,147000.0,2400000.0,2007.0,Jan,68.9,36991981.0,5.56
25000000,14169516119.0,Entertainment,89179,Indonesia,Entertainment,369600.0,5900000.0,2014.0,Sep,36.3,270203917.0,4.69
25000000,14827085149.0,Music,147,Colombia,Music,852400.0,13600000.0,2016.0,Sep,55.3,50339443.0,9.71
24800000,17387583720.0,Entertainment,1644,United Kingdom,Entertainment,995700.0,15900000.0,2015.0,Oct,60.0,66834405.0,3.85
24800000,2588501115.0,Howto & Style,672,Mexico,Howto,1000.0,16100.0,2009.0,Sep,40.2,126014024.0,3.42
24800000,3699352704.0,Entertainment,1894,United States,Entertainment,403200.0,6500000.0,2006.0,Jun,88.2,328239523.0,14.7
24700000,20531704527.0,Music,104,United States,Music,418300.0,6700000.0,2009.0,May,88.2,328239523.0,14.7
24700000,2994726412.0,Howto & Style,412,Australia,Howto,69800.0,1100000.0,2011.0,Aug,113.1,25766605.0,5.27
24600000,23755792542.0,Music,175,United States,Music,266800.0,4300000.0,2009.0,Dec,88.2,328239523.0,14.7
24600000,3647987299.0,Science & Technology,120,United States,Tech,265900.0,4300000.0,2011.0,Oct,88.2,328239523.0,14.7
24500000,23962070944.0,Music,18950,South Korea,Entertainment,316700.0,5100000.0,2011.0,Jan,94.3,51709098.0,4.15
24400000,12385924995.0,Entertainment,658,United States,Entertainment,509600.0,8200000.0,2018.0,Dec,88.2,328239523.0,14.7
24300000,6608773195.0,Film & Animation,1667,India,Film,284600.0,4600000.0,2014.0,Mar,28.1,1366417754.0,5.36
24200000,2700914170.0,Entertainment,67,Mexico,Entertainment,100800.0,1600000.0,2021.0,Jul,40.2,126014024.0,3.42
24100000,10999000479.0,Comedy,802,Argentina,Entertainment,1200000.0,19300000.0,2014.0,Jan,90.0,44938712.0,9.79
24100000,56106087508.0,Music,23491,Turkey,Music,1300000.0,20400000.0,2014.0,Jan,23.9,83429615.0,13.49
24100000,8425505919.0,Music,252,United States,Music,189900.0,3000000.0,2008.0,Sep,88.2,328239523.0,14.7
24100000,6002166932.0,Entertainment,1252,United Kingdom,Music,16300.0,261100.0,2009.0,Jul,60.0,66834405.0,3.85
24000000,13943030228.0,Comedy,901,Brazil,Comedy,2300000.0,36500000.0,2020.0,May,51.3,212559417.0,12.08
24000000,8279004442.0,Gaming,4009,United States,Entertainment,455100.0,7300000.0,2012.0,Jul,88.2,328239523.0,14.7
23900000,4067878931.0,Entertainment,505,United States,Entertainment,174400.0,2800000.0,2015.0,Dec,88.2,328239523.0,14.7
23900000,6582932625.0,Entertainment,257,United States,Entertainment,32600.0,520900.0,2011.0,Aug,88.2,328239523.0,14.7
23900000,7213499085.0,People & Blogs,511,United States,Entertainment,533300.0,8500000.0,2011.0,Dec,88.2,328239523.0,14.7
23800000,10414479943.0,Howto & Style,2425,United States,Howto,294200.0,4700000.0,2015.0,Sep,88.2,328239523.0,14.7
23800000,17688774915.0,Music,443,United States,Music,368700.0,5900000.0,2007.0,Apr,88.2,328239523.0,14.7
23700000,2543809954.0,Gaming,1732,United States,Games,25100.0,401700.0,2011.0,Nov,88.2,328239523.0,14.7
23700000,7451792132.0,Gaming,0,Canada,Games,0.0,0.0,2012.0,Nov,68.9,36991981.0,5.56
23700000,15510153803.0,People & Blogs,1099,United Kingdom,Entertainment,98400.0,1600000.0,2014.0,Sep,60.0,66834405.0,3.85
23700000,20289689389.0,Pets & Animals,769,United States,Animals,2300000.0,36200000.0,2020.0,Aug,88.2,328239523.0,14.7
23600000,2135644776.0,Entertainment,226,Mexico,People,140600.0,2200000.0,2014.0,Jun,40.2,126014024.0,3.42
23600000,5994002464.0,Entertainment,719,United States,Entertainment,32400.0,518600.0,2015.0,Aug,88.2,328239523.0,14.7
23600000,6766461070.0,Entertainment,552,United States,Entertainment,133600.0,2100000.0,2013.0,Aug,88.2,328239523.0,14.7
23600000,7920637200.0,Film & Animation,1251,United Kingdom,Film,160800.0,2600000.0,2014.0,Jul,60.0,66834405.0,3.85
23500000,14777034543.0,Gaming,6066,United Kingdom,Games,125000.0,2000000.0,2014.0,May,60.0,66834405.0,3.85
23500000,14696994366.0,People & Blogs,1044,United Kingdom,Entertainment,178900.0,2900000.0,2014.0,Nov,60.0,66834405.0,3.85
23400000,9465863821.0,Film & Animation,6672,India,Film,1100000.0,17600000.0,2020.0,Oct,28.1,1366417754.0,5.36
23400000,7926899136.0,Film & Animation,1291,Brazil,Entertainment,84900.0,1400000.0,2014.0,Apr,51.3,212559417.0,12.08
23300000,22471357411.0,Entertainment,3657,United States,Entertainment,372600.0,6000000.0,2006.0,Jan,88.2,328239523.0,14.7
23200000,2634.0,Science & Technology,1,United States,Entertainment,0.0,0.0,2016.0,Mar,88.2,328239523.0,14.7
23200000,15751661213.0,People & Blogs,172,United States,Music,429500.0,6900000.0,2008.0,May,88.2,328239523.0,14.7
23100000,12889240875.0,Music,22578,India,Music,158000.0,2500000.0,2014.0,Aug,28.1,1366417754.0,5.36
23100000,25579831081.0,Music,15462,Thailand,Music,390700.0,6300000.0,2010.0,Nov,49.3,69625582.0,0.75
23100000,2551113422.0,People & Blogs,4445,United States,Tech,39700.0,635800.0,2006.0,Dec,88.2,328239523.0,14.7
23100000,9299371231.0,Music,456,India,Music,912100.0,14600000.0,2016.0,Sep,28.1,1366417754.0,5.36
23100000,13151870846.0,Shows,3781,United States,Music,385300.0,6200000.0,2013.0,Aug,88.2,328239523.0,14.7
23000000,31494513067.0,Entertainment,2905,Germany,Comedy,2300000.0,36300000.0,2019.0,Jul,70.2,83132799.0,3.04
23000000,3378047383.0,Science & Technology,5041,India,Tech,66800.0,1100000.0,2015.0,Oct,28.1,1366417754.0,5.36
23000000,6041264489.0,Entertainment,1598,Argentina,Entertainment,106600.0,1700000.0,2006.0,Mar,90.0,44938712.0,9.79
23000000,10939966484.0,Entertainment,5718,India,Music,279500.0,4500000.0,2014.0,Mar,28.1,1366417754.0,5.36
22900000,5320485069.0,Movies,1670,India,Film,0.0,0.0,2011.0,May,28.1,1366417754.0,5.36
22900000,5380073627.0,Film & Animation,0,United States,Games,0.0,0.0,2006.0,Mar,88.2,328239523.0,14.7
22900000,16298342829.0,Music,1159,Jordan,Music,507200.0,8100000.0,2012.0,Nov,34.4,10101694.0,14.72
22900000,13206471140.0,Education,1251,Mexico,Education,410500.0,6600000.0,2018.0,Mar,40.2,126014024.0,3.42
22700000,10115316784.0,People & Blogs,985,United States,Education,465600.0,7500000.0,2015.0,Sep,88.2,328239523.0,14.7
22600000,20847038152.0,People & Blogs,60964,India,Entertainment,2900000.0,47100000.0,2016.0,Feb,28.1,1366417754.0,5.36
22600000,9223534599.0,Comedy,495,India,Entertainment,1200000.0,19200000.0,2020.0,Jun,28.1,1366417754.0,5.36
22600000,14231943358.0,Music,180,United States,Music,245000.0,3900000.0,2012.0,Sep,88.2,328239523.0,14.7
22600000,17507060680.0,People & Blogs,1189,Saudi Arabia,Entertainment,221500.0,3500000.0,2010.0,Dec,68.0,34268528.0,5.93
22600000,13405849040.0,Music,171,United States,Music,285800.0,4600000.0,2007.0,Nov,88.2,328239523.0,14.7
22600000,27084848152.0,People & Blogs,2321,United States,People,3500000.0,56300000.0,2021.0,Sep,88.2,328239523.0,14.7
22500000,2431154438.0,Film & Animation,3377,India,Film,146200.0,2300000.0,2015.0,Sep,28.1,1366417754.0,5.36
22500000,13835173331.0,Gaming,3315,United States,Games,525300.0,8400000.0,2009.0,Nov,88.2,328239523.0,14.7
22400000,8040036209.0,Music,58,Argentina,Music,216700.0,3500000.0,2016.0,Aug,90.0,44938712.0,9.79
22300000,8663830163.0,People & Blogs,34,France,Music,2.0,35.0,2019.0,Nov,65.6,67059887.0,8.43
22300000,24059336857.0,Gaming,1724,United States,Games,396300.0,6300000.0,2013.0,May,88.2,328239523.0,14.7
22200000,11136266461.0,Entertainment,999,United States,Entertainment,418000.0,6700000.0,2015.0,Sep,88.2,328239523.0,14.7
22000000,9924807127.0,Music,157,United States,Music,334500.0,5400000.0,2009.0,Sep,88.2,328239523.0,14.7
22000000,18347969186.0,Entertainment,6274,Japan,Entertainment,2100000.0,34100000.0,2021.0,Feb,63.2,126226568.0,2.29
21900000,4454917643.0,Film & Animation,301,United States,Entertainment,554800.0,8900000.0,2014.0,Jun,88.2,328239523.0,14.7
21900000,5918314128.0,People & Blogs,946,United States,People,702700.0,11200000.0,2014.0,Jul,88.2,328239523.0,14.7
21900000,15552070846.0,Comedy,816,United States,Comedy,2100000.0,33000000.0,2014.0,Jul,88.2,328239523.0,14.7
21900000,20657571751.0,Entertainment,116,Mexico,Music,14.0,227.0,2008.0,Apr,40.2,126014024.0,3.42
21800000,4469711607.0,People & Blogs,257,United States,People,593900.0,9500000.0,2008.0,Apr,88.2,328239523.0,14.7
21800000,5614621131.0,Science & Technology,10162,United States,Entertainment,137400.0,2200000.0,2006.0,May,88.2,328239523.0,14.7
21800000,11288359365.0,Music,164,United Kingdom,Music,384100.0,6100000.0,2011.0,Feb,60.0,66834405.0,3.85
21800000,12140232004.0,Music,266,United Kingdom,Music,153400.0,2500000.0,2010.0,Dec,60.0,66834405.0,3.85
21600000,9597894786.0,Autos & Vehicles,2942,Brazil,Entertainment,579500.0,9300000.0,2013.0,Mar,51.3,212559417.0,12.08
21600000,5863377051.0,Howto & Style,219,India,Howto,583800.0,9300000.0,2018.0,Apr,28.1,1366417754.0,5.36
21600000,9346383505.0,Entertainment,228,United States,Entertainment,191800.0,3100000.0,2019.0,May,88.2,328239523.0,14.7
21500000,5890180734.0,People & Blogs,51,United States,Music,340600.0,5400000.0,2018.0,Apr,88.2,328239523.0,14.7
21500000,15013096899.0,News & Politics,158,Mexico,Entertainment,46.0,742.0,2014.0,Jan,40.2,126014024.0,3.42
21500000,8409641722.0,Gaming,17,Chile,People,0.15,2.0,2016.0,Jul,88.5,18952038.0,7.09
21400000,6264261757.0,Music,114,India,Music,482100.0,7700000.0,2017.0,Oct,28.1,1366417754.0,5.36
21300000,6269945014.0,People & Blogs,733,United States,People,480700.0,7700000.0,2017.0,Apr,88.2,328239523.0,14.7
21300000,10644857969.0,Music,78,United States,Music,309500.0,5000000.0,2011.0,Sep,88.2,328239523.0,14.7
21300000,12761253839.0,People & Blogs,951,India,People,2200000.0,35000000.0,2016.0,Jul,28.1,1366417754.0,5.36
21300000,5141834668.0,Entertainment,1608,United States,Entertainment,205100.0,3300000.0,2014.0,Aug,88.2,328239523.0,14.7
21300000,10047736580.0,Entertainment,669,India,Entertainment,708900.0,11300000.0,2021.0,Feb,28.1,1366417754.0,5.36
21300000,12895427184.0,Entertainment,20225,India,Entertainment,1700000.0,26900000.0,2017.0,Aug,28.1,1366417754.0,5.36
21200000,11364908616.0,Entertainment,31989,Philippines,News,427000.0,6800000.0,2009.0,Aug,35.5,108116615.0,2.15
21100000,5783557209.0,Howto & Style,4728,United States,Howto,74100.0,1200000.0,2016.0,Jan,88.2,328239523.0,14.7
21100000,4526271677.0,People & Blogs,2325,Indonesia,Entertainment,80900.0,1300000.0,2016.0,Jun,36.3,270203917.0,4.69
21000000,4380564906.0,Entertainment,403,United States,Entertainment,7400.0,118900.0,2006.0,Jul,88.2,328239523.0,14.7
21000000,7762905663.0,Entertainment,2883,Brazil,Entertainment,355200.0,5700000.0,2015.0,Aug,51.3,212559417.0,12.08
21000000,10631638628.0,Entertainment,420,United States,Entertainment,240200.0,3800000.0,2013.0,Mar,88.2,328239523.0,14.7
20900000,1693149479.0,Education,896,India,Education,85800.0,1400000.0,2013.0,Dec,28.1,1366417754.0,5.36
20900000,3828000587.0,Entertainment,6262,Brazil,Entertainment,157000.0,2500000.0,2013.0,Sep,51.3,212559417.0,12.08
20900000,4927879069.0,Pets & Animals,982,United States,Animals,0.0,0.0,2014.0,Sep,88.2,328239523.0,14.7
20900000,11058049885.0,People & Blogs,9850,United States,People,1200000.0,18400000.0,2020.0,Aug,88.2,328239523.0,14.7
20900000,17324976752.0,Music,6,United States,Music,0.3,5.0,2006.0,Jul,88.2,328239523.0,14.7
20800000,1870608170.0,Comedy,288,Brazil,Comedy,71700.0,1100000.0,2011.0,Apr,51.3,212559417.0,12.08
20800000,2378448129.0,Education,193,Germany,Education,87800.0,1400000.0,2013.0,Jul,70.2,83132799.0,3.04
20700000,17963202261.0,Entertainment,619,United States,Entertainment,2600000.0,42000000.0,2020.0,Sep,88.2,328239523.0,14.7
20700000,5091618606.0,Howto & Style,5062,United States,Howto,60000.0,960600.0,2018.0,Jan,88.2,328239523.0,14.7
20700000,8658941531.0,People & Blogs,889,Russia,People,1700000.0,26500000.0,2015.0,Oct,81.9,144373535.0,4.59
20700000,12624879732.0,Sports,47926,United States,Sports,219100.0,3500000.0,2005.0,Nov,88.2,328239523.0,14.7
20600000,4956090094.0,Entertainment,15,Indonesia,Entertainment,0.26,4.0,2007.0,Jul,36.3,270203917.0,4.69
20600000,7657171980.0,Comedy,83,Argentina,Entertainment,579500.0,9300000.0,2017.0,Jan,90.0,44938712.0,9.79
20600000,10292874715.0,Music,156,Sweden,Music,243700.0,3900000.0,2009.0,Oct,67.0,10285453.0,6.48
20500000,15038593883.0,Entertainment,33229,South Korea,Entertainment,475600.0,7600000.0,2006.0,Mar,94.3,51709098.0,4.15
20500000,8768697257.0,Gaming,1323,Australia,Games,78200.0,1300000.0,2015.0,Jan,113.1,25766605.0,5.27
20500000,11009148579.0,Entertainment,296,United States,Entertainment,585600.0,9400000.0,2017.0,Feb,88.2,328239523.0,14.7
20400000,1796227417.0,Film & Animation,206,Brazil,Film,118500.0,1900000.0,2014.0,Dec,51.3,212559417.0,12.08
20400000,7311322368.0,People & Blogs,1006,United States,People,43900.0,703000.0,2013.0,Sep,88.2,328239523.0,14.7
20400000,13397000296.0,Music,0,Afghanistan,Games,0.0,0.0,2006.0,Nov,9.7,38041754.0,11.12
20400000,29406206620.0,Entertainment,51515,India,Entertainment,2700000.0,43600000.0,2007.0,Feb,28.1,1366417754.0,5.36
20400000,4707412332.0,Entertainment,462,Ukraine,Entertainment,87000.0,1400000.0,2012.0,Dec,82.7,44385155.0,8.88
20400000,3579555124.0,Music,239,India,Music,123900.0,2000000.0,2013.0,May,28.1,1366417754.0,5.36
20300000,2441288701.0,Entertainment,1245,United Kingdom,Entertainment,259400.0,4100000.0,2013.0,Jan,60.0,66834405.0,3.85
20300000,11819051552.0,Education,875,Indonesia,Education,338300.0,5400000.0,2019.0,Jan,36.3,270203917.0,4.69
20200000,2951914200.0,Entertainment,460,Colombia,Entertainment,791600.0,12700000.0,2009.0,Jul,55.3,50339443.0,9.71
20200000,2764127969.0,Comedy,693,United Arab Emirates,Entertainment,46700.0,746700.0,2014.0,Apr,36.8,9770529.0,2.35
20200000,7274150246.0,Education,226,India,Education,340300.0,5400000.0,2017.0,May,28.1,1366417754.0,5.36
20200000,20919403720.0,Comedy,1935,Latvia,Comedy,3700000.0,59800000.0,2020.0,Mar,88.1,1912789.0,6.52
20200000,19694265358.0,Comedy,761,United States,Comedy,1400000.0,21700000.0,2021.0,Jun,88.2,328239523.0,14.7
20200000,6098644584.0,Gaming,3713,Indonesia,Games,193500.0,3100000.0,2014.0,Mar,36.3,270203917.0,4.69
20100000,23353115850.0,Entertainment,3774,United States,Games,665100.0,10600000.0,2013.0,Nov,88.2,328239523.0,14.7
20100000,6618524158.0,Music,241,United States,Music,75800.0,1200000.0,2010.0,Apr,88.2,328239523.0,14.7
20100000,8920141342.0,Gaming,4974,Brazil,Games,16300.0,260200.0,2011.0,Oct,51.3,212559417.0,12.08
20100000,11317309935.0,Film & Animation,1481,United States,Entertainment,44600.0,713400.0,2007.0,Feb,88.2,328239523.0,14.7
20100000,14816075927.0,Music,2384,United States,Music,830300.0,13300000.0,2013.0,May,88.2,328239523.0,14.7
20100000,6119294270.0,Howto & Style,5491,United States,Howto,317400.0,5100000.0,2017.0,Oct,88.2,328239523.0,14.7
20100000,5634695322.0,Entertainment,1,United States,Film,0.19,3.0,2011.0,May,88.2,328239523.0,14.7
20100000,17913237851.0,People & Blogs,7737,United States,People,27300.0,437400.0,2011.0,Aug,88.2,328239523.0,14.7
20000000,13154314376.0,Entertainment,4339,United States,Entertainment,69600.0,1100000.0,2007.0,Jun,88.2,328239523.0,14.7
20000000,559765455.0,Music,1527,United States,Music,4000.0,63900.0,2006.0,Apr,88.2,328239523.0,14.7
20000000,3875172235.0,Entertainment,1527,United Kingdom,Entertainment,117700.0,1900000.0,2006.0,Apr,60.0,66834405.0,3.85
20000000,6033295543.0,Music,1,Canada,Entertainment,0.0,0.0,2006.0,Mar,68.9,36991981.0,5.56
20000000,9715291883.0,Film & Animation,1476,India,Entertainment,0.0,0.0,2011.0,Jul,28.1,1366417754.0,5.36
19900000,13917423958.0,Music,416,Brazil,Music,644400.0,10300000.0,2010.0,Nov,51.3,212559417.0,12.08
19800000,3234880084.0,Science & Technology,1411,Germany,Tech,17000.0,271200.0,2011.0,Sep,70.2,83132799.0,3.04
19800000,5759442450.0,People & Blogs,760,United States,Entertainment,18400.0,294600.0,2017.0,Dec,88.2,328239523.0,14.7
19800000,12293479945.0,News & Politics,9930,United States,News,49.0,779.0,2013.0,Nov,88.2,328239523.0,14.7
19700000,1803249241.0,Comedy,250,United States,Comedy,11300.0,180900.0,2010.0,Feb,88.2,328239523.0,14.7
19700000,10955619815.0,Film & Animation,1,United States,Games,0.0,0.0,2011.0,Oct,88.2,328239523.0,14.7
19700000,11323617496.0,Entertainment,4225,United Kingdom,Entertainment,162600.0,2600000.0,2008.0,Apr,60.0,66834405.0,3.85
19700000,9808676159.0,Entertainment,267,United Kingdom,Music,1.0,16.0,2006.0,Mar,60.0,66834405.0,3.85
19600000,2851024430.0,Gaming,17,United States,Games,0.07,1.0,2009.0,Mar,88.2,328239523.0,14.7
19600000,13930021471.0,Shows,18661,United States,Entertainment,822600.0,13200000.0,2013.0,Nov,88.2,328239523.0,14.7
19600000,8779729549.0,Entertainment,1306,Turkey,Entertainment,332400.0,5300000.0,2020.0,Apr,23.9,83429615.0,13.49
19600000,7906181776.0,Film & Animation,214,United States,Entertainment,6900000.0,110600000.0,2016.0,Jun,88.2,328239523.0,14.7
19600000,3961318438.0,Gaming,674,United States,Games,66900.0,1100000.0,2013.0,Jan,88.2,328239523.0,14.7
19500000,5234251168.0,Entertainment,847,India,Entertainment,0.0,0.0,2014.0,Mar,28.1,1366417754.0,5.36
19400000,2255542592.0,News & Politics,4750,India,News,96300.0,1500000.0,2017.0,Jul,28.1,1366417754.0,5.36
19400000,1577859332.0,People & Blogs,85,Mexico,People,7100.0,114300.0,2017.0,Sep,40.2,126014024.0,3.42
19400000,23038014291.0,Entertainment,125974,India,Entertainment,818800.0,13100000.0,2010.0,Mar,28.1,1366417754.0,5.36
19400000,5529131886.0,Sports,10728,Switzerland,Sports,176600.0,2800000.0,2006.0,Sep,59.6,8574832.0,4.58
19200000,4329121104.0,People & Blogs,570,United States,Comedy,8200.0,131100.0,2005.0,Sep,88.2,328239523.0,14.7
19200000,7590582024.0,Entertainment,8285,India,Music,86000.0,1400000.0,2011.0,Jan,28.1,1366417754.0,5.36
19100000,13124645973.0,Entertainment,6526,United States,Comedy,51700.0,827600.0,2006.0,Sep,88.2,328239523.0,14.7
19100000,4566120190.0,Comedy,139,United States,Comedy,93000.0,1500000.0,2014.0,Aug,88.2,328239523.0,14.7
19000000,4924054368.0,Education,60,United States,Entertainment,64800.0,1000000.0,2018.0,Feb,88.2,328239523.0,14.7
19000000,7229175322.0,Howto & Style,903,Mexico,Howto,370000.0,5900000.0,2018.0,Jan,40.2,126014024.0,3.42
19000000,8281724393.0,Film & Animation,1525,India,Entertainment,317100.0,5100000.0,2017.0,Nov,28.1,1366417754.0,5.36
19000000,13824277846.0,Film & Animation,1154,Brazil,Film,230700.0,3700000.0,2012.0,Jul,51.3,212559417.0,12.08
19000000,16014044618.0,Music,79,United Kingdom,Music,307200.0,4900000.0,2007.0,Feb,60.0,66834405.0,3.85
19000000,15126092508.0,Entertainment,64496,South Korea,Entertainment,324000.0,5200000.0,2007.0,Jan,94.3,51709098.0,4.15
18900000,2855519150.0,People & Blogs,375,Russia,Entertainment,73700.0,1200000.0,2014.0,Oct,81.9,144373535.0,4.59
18900000,9813245108.0,Education,719,Mexico,Education,421200.0,6700000.0,2018.0,Jan,40.2,126014024.0,3.42
18800000,3654621568.0,Education,2072,United States,Education,89600.0,1400000.0,2011.0,Mar,88.2,328239523.0,14.7
18800000,5257834105.0,Entertainment,312,United Kingdom,Entertainment,234500.0,3800000.0,2015.0,Jun,60.0,66834405.0,3.85
18800000,9573641299.0,Music,217,United States,Music,293300.0,4700000.0,2009.0,Oct,88.2,328239523.0,14.7
18800000,9594188708.0,Entertainment,530,Ukraine,Entertainment,204000.0,3300000.0,2014.0,Oct,82.7,44385155.0,8.88
18800000,3276891538.0,Comedy,304,India,People,327100.0,5200000.0,2014.0,Jul,28.1,1366417754.0,5.36
18700000,12295637162.0,Entertainment,16,Spain,Music,0.31,5.0,2005.0,Sep,88.9,47076781.0,13.96
18600000,6047584292.0,Entertainment,4487,India,Comedy,307300.0,4900000.0,2007.0,Jan,28.1,1366417754.0,5.36
18600000,20196704276.0,Music,6287,Thailand,Music,505800.0,8100000.0,2014.0,Jan,49.3,69625582.0,0.75
18600000,8761255550.0,Gaming,6289,Saudi Arabia,Games,129000.0,2100000.0,2013.0,Nov,68.0,34268528.0,5.93
18500000,2908120896.0,Music,1329,Brazil,Music,0.0,0.0,2007.0,Sep,51.3,212559417.0,12.08
18500000,3457618361.0,Gaming,374,Russia,Games,114800.0,1800000.0,2008.0,Apr,81.9,144373535.0,4.59
18500000,8147575884.0,People & Blogs,493,Russia,People,146800.0,2300000.0,2016.0,Jan,81.9,144373535.0,4.59
18500000,4051072188.0,People & Blogs,679,Indonesia,People,592100.0,9500000.0,2014.0,Jan,36.3,270203917.0,4.69
18400000,4120324310.0,Entertainment,111,United States,Entertainment,43300.0,692600.0,2009.0,Jul,88.2,328239523.0,14.7
18400000,7038827526.0,Comedy,6943,Spain,Games,33000.0,528200.0,2011.0,Jan,88.9,47076781.0,13.96
18400000,11544297793.0,Music,3159,Thailand,Music,162400.0,2600000.0,2011.0,Mar,49.3,69625582.0,0.75
18400000,25367126292.0,Music,197,United States,Music,801400.0,12800000.0,2009.0,Sep,88.2,328239523.0,14.7
18300000,1606834186.0,People & Blogs,786,Indonesia,Entertainment,51200.0,819000.0,2017.0,Jul,36.3,270203917.0,4.69
18300000,7760819588.0,Entertainment,142,United States,Entertainment,383900.0,6100000.0,2009.0,Sep,88.2,328239523.0,14.7
18300000,1556003039.0,Gaming,1324,United States,Games,420800.0,6700000.0,2016.0,Mar,88.2,328239523.0,14.7
18200000,3213324455.0,People & Blogs,6903,Brazil,Howto,54100.0,866200.0,2017.0,Jun,51.3,212559417.0,12.08
18100000,13378360425.0,Entertainment,420,United States,Entertainment,1500000.0,23900000.0,2012.0,Oct,88.2,328239523.0,14.7
18100000,3306242674.0,Entertainment,1037,Indonesia,Entertainment,81900.0,1300000.0,2015.0,Mar,36.3,270203917.0,4.69
18100000,9983065083.0,Gaming,1521,France,Entertainment,144300.0,2300000.0,2011.0,Jan,65.6,67059887.0,8.43
18100000,14857290259.0,Education,707,United States,Education,541200.0,8700000.0,2014.0,Jan,88.2,328239523.0,14.7
18100000,10703830496.0,Music,131,South Korea,Music,195000.0,3100000.0,2010.0,Oct,94.3,51709098.0,4.15
18000000,3980991248.0,Howto & Style,2470,Brazil,Tech,164300.0,2600000.0,2006.0,Jul,51.3,212559417.0,12.08
18000000,9601137077.0,Sports,650,Australia,Sports,1200000.0,18800000.0,2009.0,Sep,113.1,25766605.0,5.27
18000000,15412333005.0,Entertainment,45,United States,Entertainment,0.01,0.19,2006.0,Aug,88.2,328239523.0,14.7
18000000,10463166404.0,News & Politics,237,United States,Music,332300.0,5300000.0,2013.0,Mar,88.2,328239523.0,14.7
18000000,17921124985.0,Music,5692,United States,Music,772800.0,12400000.0,2014.0,Jul,88.2,328239523.0,14.7
18000000,6404852037.0,Gaming,3566,Spain,Games,131500.0,2100000.0,2012.0,Jan,88.9,47076781.0,13.96
17900000,7176572299.0,People & Blogs,536,United States,People,26000.0,415200.0,2014.0,Dec,88.2,328239523.0,14.7
17900000,3841205465.0,People & Blogs,982,United States,Music,155100.0,2500000.0,2015.0,May,88.2,328239523.0,14.7
17900000,5168721499.0,Entertainment,1344,Argentina,Games,82600.0,1300000.0,2013.0,Apr,90.0,44938712.0,9.79
17900000,5244917119.0,Comedy,185,United States,Entertainment,55600.0,890300.0,2015.0,Sep,88.2,328239523.0,14.7
17900000,6888074944.0,Music,314,United States,Music,87500.0,1400000.0,2008.0,Jan,88.2,328239523.0,14.7
17900000,9867515979.0,Entertainment,602,Vietnam,Entertainment,253400.0,4100000.0,2019.0,Nov,28.5,96462106.0,2.01
17900000,9887116267.0,Music,830,United States,Music,1300000.0,21500000.0,2008.0,Jul,88.2,328239523.0,14.7
17900000,16174530046.0,Shows,1426,United States,Education,307900.0,4900000.0,2009.0,Feb,88.2,328239523.0,14.7
17800000,11057945183.0,People & Blogs,772,India,People,1300000.0,20700000.0,2021.0,Apr,28.1,1366417754.0,5.36
17800000,8588704539.0,Film & Animation,26,United States,People,62.0,994.0,2021.0,Nov,88.2,328239523.0,14.7
17700000,20115544708.0,Music,178,United States,Music,292300.0,4700000.0,2010.0,Oct,88.2,328239523.0,14.7
17700000,7912733203.0,People & Blogs,512,India,People,1000000.0,16600000.0,2018.0,Jul,28.1,1366417754.0,5.36
17700000,3647267655.0,People & Blogs,739,Indonesia,Entertainment,144500.0,2300000.0,2016.0,Oct,36.3,270203917.0,4.69
17700000,7739048000.0,Entertainment,2240,Brazil,Entertainment,106000.0,1700000.0,2012.0,Mar,51.3,212559417.0,12.08
17700000,8396875537.0,News & Politics,211620,Ukraine,News,1100000.0,17800000.0,2006.0,Feb,82.7,44385155.0,8.88
17700000,9059696049.0,Film & Animation,1716,Malaysia,Entertainment,353200.0,5700000.0,2009.0,Nov,45.1,32447385.0,3.32
17700000,17247584185.0,Film & Animation,1316,Argentina,Music,1900000.0,30700000.0,2013.0,Oct,90.0,44938712.0,9.79
17600000,9269174070.0,Gaming,3151,Thailand,Games,165400.0,2600000.0,2014.0,Mar,49.3,69625582.0,0.75
17600000,2274007523.0,Comedy,233,Mexico,Comedy,82300.0,1300000.0,2011.0,Jan,40.2,126014024.0,3.42
17600000,2977741577.0,Howto & Style,128,China,Howto,67100.0,1100000.0,2017.0,Aug,50.6,1397715000.0,4.32
17600000,6306204566.0,Gaming,4702,Chile,Games,300600.0,4800000.0,2014.0,Feb,88.5,18952038.0,7.09
17600000,3802280098.0,Music,326,South Korea,Music,33300.0,532700.0,2011.0,Aug,94.3,51709098.0,4.15
17500000,2238134438.0,Entertainment,709,India,Entertainment,63200.0,1000000.0,2016.0,Jul,28.1,1366417754.0,5.36
17500000,7263619576.0,News & Politics,182742,India,News,1200000.0,18900000.0,2007.0,Oct,28.1,1366417754.0,5.36
17500000,7612385622.0,Entertainment,149,India,Entertainment,329500.0,5300000.0,2017.0,Sep,28.1,1366417754.0,5.36
17500000,16107116549.0,Gaming,156215,United States,Games,295000.0,4700000.0,2006.0,Sep,88.2,328239523.0,14.7
17400000,17763586483.0,Gaming,4411,United States,Games,1300000.0,21100000.0,2012.0,Aug,88.2,328239523.0,14.7
17400000,13043561912.0,Entertainment,118448,Thailand,News,708000.0,11300000.0,2014.0,Feb,49.3,69625582.0,0.75
17400000,11144195464.0,Music,2133,Iraq,Music,339000.0,5400000.0,2013.0,Sep,16.2,39309783.0,12.82
17300000,1026425106.0,Science & Technology,180,United States,Tech,139500.0,2200000.0,2005.0,Jun,88.2,328239523.0,14.7
17300000,902225615.0,Film & Animation,287,India,Entertainment,2500.0,40200.0,2016.0,Sep,28.1,1366417754.0,5.36
17300000,11371738047.0,Entertainment,4778,India,Entertainment,995800.0,15900000.0,2014.0,Aug,28.1,1366417754.0,5.36
17300000,3684816159.0,Howto & Style,582,Australia,Howto,46600.0,745200.0,2011.0,Dec,113.1,25766605.0,5.27
17200000,3606912471.0,Science & Technology,1567,United States,Tech,157000.0,2500000.0,2008.0,Mar,88.2,328239523.0,14.7
17200000,7337212581.0,Music,138,Brazil,Music,218100.0,3500000.0,2011.0,Nov,51.3,212559417.0,12.08
17200000,8903647480.0,Education,83,Australia,People,0.08,1.0,2014.0,Sep,113.1,25766605.0,5.27
17200000,11445492404.0,Education,1007,Argentina,Education,251100.0,4000000.0,2015.0,Mar,90.0,44938712.0,9.79
17200000,5024088947.0,Gaming,7550,Spain,Games,46200.0,739500.0,2009.0,Aug,88.9,47076781.0,13.96
17100000,4448334716.0,Comedy,498,Russia,Entertainment,111500.0,1800000.0,2012.0,Jun,81.9,144373535.0,4.59
17100000,9710962528.0,Entertainment,148225,Indonesia,Entertainment,137400.0,2200000.0,2014.0,Sep,36.3,270203917.0,4.69
17100000,2173106162.0,Comedy,142,United States,Entertainment,5300.0,84500.0,2013.0,Sep,88.2,328239523.0,14.7
17000000,10847948832.0,Music,1015,United Kingdom,Music,281300.0,4500000.0,2008.0,Jul,60.0,66834405.0,3.85
17000000,1001465469.0,Comedy,1407,India,Entertainment,22900.0,366100.0,2013.0,Mar,28.1,1366417754.0,5.36
17000000,14543594822.0,Music,97,United States,Music,149500.0,2400000.0,2009.0,May,88.2,328239523.0,14.7
16900000,8684010451.0,Music,2235,India,Music,218700.0,3500000.0,2011.0,Aug,28.1,1366417754.0,5.36
16900000,9111000228.0,Gaming,1910,United States,Entertainment,32700.0,522600.0,2006.0,Jul,88.2,328239523.0,14.7
16900000,3827906874.0,Entertainment,366,United States,Entertainment,4900.0,78500.0,2013.0,Mar,88.2,328239523.0,14.7
16900000,4609753237.0,Entertainment,3900,United States,Entertainment,109100.0,1700000.0,2005.0,Dec,88.2,328239523.0,14.7
16900000,9270331567.0,Comedy,441,India,People,269300.0,4300000.0,2017.0,May,28.1,1366417754.0,5.36
16900000,9544277833.0,People & Blogs,2337,United States,Entertainment,825800.0,13200000.0,2016.0,Dec,88.2,328239523.0,14.7
16900000,3523578665.0,Nonprofits & Activism,4891,Brazil,Nonprofit,448600.0,7200000.0,2016.0,Apr,51.3,212559417.0,12.08
16800000,7195314800.0,Entertainment,502,Indonesia,Entertainment,128500.0,2100000.0,2019.0,Nov,36.3,270203917.0,4.69
16800000,3693798804.0,Film & Animation,1491,Brazil,Entertainment,132400.0,2100000.0,2013.0,Apr,51.3,212559417.0,12.08
16700000,7102965621.0,Gaming,1693,United States,Games,315300.0,5000000.0,2009.0,Apr,88.2,328239523.0,14.7
16700000,8826138204.0,Entertainment,920,United States,Entertainment,137100.0,2200000.0,2012.0,Jul,88.2,328239523.0,14.7
16700000,7979736581.0,Music,13,United States,Music,113.0,1800.0,2010.0,Sep,88.2,328239523.0,14.7
16700000,5089284369.0,People & Blogs,8741,Mexico,People,48400.0,774700.0,2014.0,Aug,40.2,126014024.0,3.42
16600000,2798273962.0,Entertainment,0,Mexico,Games,0.0,0.0,2010.0,Dec,40.2,126014024.0,3.42
16600000,7435180827.0,News & Politics,112261,India,News,177600.0,2800000.0,2013.0,Oct,28.1,1366417754.0,5.36
16600000,9439857193.0,Entertainment,20102,India,Entertainment,462100.0,7400000.0,2011.0,Sep,28.1,1366417754.0,5.36
16600000,11946217860.0,Music,8976,India,Music,267000.0,4300000.0,2011.0,Nov,28.1,1366417754.0,5.36
16600000,15278668857.0,Entertainment,2200,Germany,Entertainment,1900000.0,29600000.0,2021.0,May,70.2,83132799.0,3.04
16600000,5819508534.0,Entertainment,413,United States,Entertainment,597100.0,9600000.0,2006.0,Dec,88.2,328239523.0,14.7
16500000,2440934034.0,Entertainment,421,United States,Entertainment,65900.0,1100000.0,2014.0,Mar,88.2,328239523.0,14.7
16500000,3037260680.0,Comedy,438,United States,Entertainment,339000.0,5400000.0,2011.0,Jul,88.2,328239523.0,14.7
16500000,7043235131.0,News & Politics,21243,India,News,393600.0,6300000.0,2009.0,Sep,28.1,1366417754.0,5.36
16500000,7406207930.0,Entertainment,735,United States,Entertainment,73100.0,1200000.0,2016.0,May,88.2,328239523.0,14.7
16400000,3955426159.0,Howto & Style,1091,United States,Entertainment,54100.0,865300.0,2011.0,Sep,88.2,328239523.0,14.7
16400000,4434679706.0,Comedy,428,Thailand,Entertainment,28000.0,448400.0,2011.0,Jan,49.3,69625582.0,0.75
16400000,7135820721.0,Sports,14662,United States,Sports,399600.0,6400000.0,2006.0,Mar,88.2,328239523.0,14.7
16400000,9463244435.0,Entertainment,56203,Thailand,Entertainment,263300.0,4200000.0,2010.0,May,49.3,69625582.0,0.75
16400000,12844432341.0,Entertainment,23952,Thailand,Entertainment,544100.0,8700000.0,2010.0,Sep,49.3,69625582.0,0.75
16300000,3527627264.0,Entertainment,54,United States,Entertainment,89.0,1400.0,2010.0,Jun,88.2,328239523.0,14.7
16300000,6578828147.0,Music,490,United States,Music,86400.0,1400000.0,2007.0,Sep,88.2,328239523.0,14.7
16300000,6613422635.0,Music,80,United States,Music,128100.0,2000000.0,2015.0,Aug,88.2,328239523.0,14.7
16300000,7520242626.0,Music,278,United Kingdom,Music,115800.0,1900000.0,2011.0,Nov,60.0,66834405.0,3.85
16300000,10170264839.0,Music,230,United Kingdom,Entertainment,257300.0,4100000.0,2012.0,Sep,60.0,66834405.0,3.85
16300000,12475714382.0,Music,352,United States,Music,264000.0,4200000.0,2006.0,Jul,88.2,328239523.0,14.7
16300000,7141825267.0,Entertainment,1444,India,Music,454400.0,7300000.0,2011.0,Oct,28.1,1366417754.0,5.36
16300000,1656452554.0,Gaming,989,United States,Games,53800.0,861300.0,2013.0,Oct,88.2,328239523.0,14.7
16300000,4768370464.0,Gaming,652,United Kingdom,Entertainment,9200.0,147800.0,2012.0,Jul,60.0,66834405.0,3.85
16200000,10227242833.0,Music,258,United States,Music,190300.0,3000000.0,2005.0,Nov,88.2,328239523.0,14.7
16200000,8091706232.0,Entertainment,593,United States,Entertainment,77700.0,1200000.0,2018.0,May,88.2,328239523.0,14.7
16200000,2990185467.0,Comedy,1930,Brazil,People,99000.0,1600000.0,2012.0,Jan,51.3,212559417.0,12.08
16200000,4076692623.0,Gaming,1294,United Kingdom,Entertainment,83400.0,1300000.0,2011.0,Jan,60.0,66834405.0,3.85
16200000,9763592867.0,Music,3943,Vietnam,Film,770200.0,12300000.0,2014.0,Jan,28.5,96462106.0,2.01
16200000,14563841315.0,News & Politics,244899,Thailand,News,674300.0,10800000.0,2010.0,Sep,49.3,69625582.0,0.75
16200000,20522339099.0,Entertainment,31889,Singapore,Entertainment,351600.0,5600000.0,2005.0,Oct,84.8,5703569.0,4.11
16200000,14784781923.0,People & Blogs,189,United States,People,114.0,1800.0,2020.0,Sep,88.2,328239523.0,14.7
16200000,4488680903.0,Entertainment,10,Spain,Music,0.01,0.19,2006.0,May,88.9,47076781.0,13.96
16100000,1517638132.0,Entertainment,2805,Indonesia,Games,28900.0,461700.0,2015.0,Jan,36.3,270203917.0,4.69
16100000,2687443643.0,People & Blogs,723,Brazil,Entertainment,41400.0,662500.0,2017.0,Jul,51.3,212559417.0,12.08
16100000,6872702790.0,Entertainment,671,United States,Entertainment,1200000.0,19200000.0,2015.0,Jul,88.2,328239523.0,14.7
16100000,7126210721.0,Music,41,France,Entertainment,2.0,37.0,2006.0,Nov,65.6,67059887.0,8.43
16100000,15812009296.0,Entertainment,4045,United States,Entertainment,801400.0,12800000.0,2008.0,Apr,88.2,328239523.0,14.7
16100000,9642146451.0,Entertainment,0,Mexico,Games,0.0,0.0,2008.0,Sep,40.2,126014024.0,3.42
16000000,3018032423.0,Education,52144,India,Education,42900.0,685800.0,2014.0,Jul,28.1,1366417754.0,5.36
16000000,3029872908.0,Gaming,687,Mexico,Games,14100.0,225500.0,2015.0,May,40.2,126014024.0,3.42
16000000,5997599089.0,Film & Animation,344,Mexico,Film,337200.0,5400000.0,2017.0,Sep,40.2,126014024.0,3.42
15900000,1845329502.0,People & Blogs,0,Russia,Games,0.0,0.0,2017.0,May,81.9,144373535.0,4.59
15900000,9962188084.0,Music,2035,United States,Music,29700.0,475900.0,2016.0,Jun,88.2,328239523.0,14.7
15900000,2609358468.0,Howto & Style,433,United States,Howto,6000.0,96300.0,2006.0,Feb,88.2,328239523.0,14.7
15900000,6534326412.0,Gaming,4906,Argentina,Games,192300.0,3100000.0,2014.0,Sep,90.0,44938712.0,9.79
15900000,9198986881.0,Music,5105,Brazil,Music,409200.0,6500000.0,2010.0,Jan,51.3,212559417.0,12.08
15900000,9052367553.0,Gaming,796,United States,People,494700.0,7900000.0,2016.0,May,88.2,328239523.0,14.7
15900000,6802382479.0,Music,132,Colombia,Music,179700.0,2900000.0,2010.0,Jul,55.3,50339443.0,9.71
15800000,1349288771.0,Education,633,India,Education,72200.0,1200000.0,2016.0,Dec,28.1,1366417754.0,5.36
15800000,3392918989.0,News & Politics,20679,India,News,557900.0,8900000.0,2007.0,Oct,28.1,1366417754.0,5.36
15800000,4122634467.0,People & Blogs,542,Indonesia,Comedy,215600.0,3400000.0,2017.0,Jan,36.3,270203917.0,4.69
15800000,13116313599.0,Film & Animation,10441,United States,Film,77200.0,1200000.0,2011.0,Apr,88.2,328239523.0,14.7
15700000,9787697838.0,Film & Animation,16874,India,Entertainment,153900.0,2500000.0,2012.0,Mar,28.1,1366417754.0,5.36
15700000,5914071870.0,Music,79,India,Music,425500.0,6800000.0,2017.0,Jul,28.1,1366417754.0,5.36
15700000,6626563508.0,Music,19703,India,Music,92200.0,1500000.0,2014.0,Jul,28.1,1366417754.0,5.36
15700000,5558051295.0,Music,1640,India,Music,259300.0,4100000.0,2014.0,May,28.1,1366417754.0,5.36
15700000,8696631898.0,Entertainment,7090,United States,Entertainment,1000000.0,16100000.0,2016.0,Oct,88.2,328239523.0,14.7
15600000,1511794214.0,Entertainment,483,Mexico,Entertainment,0.0,0.0,2010.0,Sep,40.2,126014024.0,3.42
15600000,7172386509.0,Science & Technology,6542,Canada,Tech,264700.0,4200000.0,2008.0,Nov,68.9,36991981.0,5.56
15600000,3869457097.0,Entertainment,2019,Brazil,Entertainment,168700.0,2700000.0,2010.0,May,51.3,212559417.0,12.08
15600000,6165757696.0,People & Blogs,4245,United States,Howto,82100.0,1300000.0,2018.0,Dec,88.2,328239523.0,14.7
15500000,8984089026.0,People & Blogs,598,Mexico,Education,270000.0,4300000.0,2017.0,Jan,40.2,126014024.0,3.42
15500000,6386271870.0,Music,220,Saudi Arabia,Music,272700.0,4400000.0,2010.0,Jul,68.0,34268528.0,5.93
15500000,7776706184.0,Education,359,India,Education,503700.0,8100000.0,2016.0,Jun,28.1,1366417754.0,5.36
15500000,8265129639.0,Shows,1021,Saudi Arabia,Film,405100.0,6500000.0,2017.0,May,68.0,34268528.0,5.93
15500000,14619523361.0,Music,325,Brazil,Music,491000.0,7900000.0,2009.0,Jun,51.3,212559417.0,12.08
15500000,12880388253.0,Science & Technology,0,United States,Entertainment,0.0,0.0,2016.0,Mar,88.2,328239523.0,14.7
15500000,12714141740.0,Entertainment,1525,India,Entertainment,417400.0,6700000.0,2017.0,Apr,28.1,1366417754.0,5.36
15500000,6396049701.0,Entertainment,417,United States,Film,82100.0,1300000.0,2010.0,Oct,88.2,328239523.0,14.7
15500000,4499826716.0,Howto & Style,5183,Egypt,Howto,98700.0,1600000.0,2017.0,Dec,35.2,100388073.0,10.76
15400000,1781226000.0,Comedy,165,India,Comedy,83900.0,1300000.0,2015.0,May,28.1,1366417754.0,5.36
15400000,11513738907.0,Gaming,379,United Arab Emirates,Entertainment,240500.0,3800000.0,2018.0,Jul,36.8,9770529.0,2.35
15400000,1543608082.0,Gaming,1647,United States,Games,166100.0,2700000.0,2016.0,Jul,88.2,328239523.0,14.7
15400000,5469103954.0,People & Blogs,1756,United States,People,4700.0,76000.0,2013.0,Aug,88.2,328239523.0,14.7
15400000,3736069980.0,Science & Technology,1577,United Kingdom,Tech,503100.0,8000000.0,2011.0,Apr,60.0,66834405.0,3.85
15400000,14564170905.0,Music,1725,Thailand,Music,248400.0,4000000.0,2008.0,Mar,49.3,69625582.0,0.75
15400000,4909687948.0,Music,21,United States,Music,110400.0,1800000.0,2016.0,Jan,88.2,328239523.0,14.7
15400000,4750420071.0,People & Blogs,4186,Indonesia,Howto,59200.0,947500.0,2018.0,Nov,36.3,270203917.0,4.69
15300000,2656528205.0,Sports,10988,Spain,Sports,254600.0,4100000.0,2006.0,Feb,88.9,47076781.0,13.96
15300000,10714145606.0,Education,851,United States,Education,231200.0,3700000.0,2014.0,Dec,88.2,328239523.0,14.7
15300000,1640078055.0,Gaming,1397,India,Games,17800.0,284200.0,2017.0,Nov,28.1,1366417754.0,5.36
15300000,9938811455.0,People & Blogs,2175,Russia,People,1400000.0,22800000.0,2021.0,Apr,81.9,144373535.0,4.59
15300000,16545966132.0,Entertainment,87864,India,Entertainment,1100000.0,17400000.0,2011.0,Oct,28.1,1366417754.0,5.36
15200000,857725714.0,People & Blogs,194,India,Film,196100.0,3100000.0,2017.0,Oct,28.1,1366417754.0,5.36
15200000,4503880875.0,Comedy,106,India,Comedy,295000.0,4700000.0,2015.0,Mar,28.1,1366417754.0,5.36
15200000,1491452935.0,Entertainment,443,Philippines,Entertainment,29900.0,479000.0,2013.0,Apr,35.5,108116615.0,2.15
15200000,6391679636.0,Music,5056,India,Music,173400.0,2800000.0,2012.0,Mar,28.1,1366417754.0,5.36
15200000,7151683497.0,Entertainment,11099,India,Entertainment,632700.0,10100000.0,2014.0,May,28.1,1366417754.0,5.36
15200000,7564652648.0,Entertainment,9862,India,Music,317900.0,5100000.0,2011.0,Nov,28.1,1366417754.0,5.36
15200000,8333387785.0,Entertainment,654,Turkey,Entertainment,13300.0,212500.0,2014.0,Dec,23.9,83429615.0,13.49
15200000,14198154095.0,News & Politics,160405,United States,News,561000.0,9000000.0,2005.0,Oct,88.2,328239523.0,14.7
15200000,6624168155.0,News & Politics,91704,India,News,149000.0,2400000.0,2008.0,Jan,28.1,1366417754.0,5.36
15100000,1777072487.0,People & Blogs,210,United States,People,48000.0,767200.0,2017.0,Feb,88.2,328239523.0,14.7
15100000,2143140898.0,Education,3810,Indonesia,Entertainment,51700.0,827100.0,2017.0,Jan,36.3,270203917.0,4.69
15100000,1760131384.0,People & Blogs,533,Philippines,Entertainment,37100.0,594000.0,2008.0,Apr,35.5,108116615.0,2.15
15100000,3060202847.0,People & Blogs,1037,United States,People,130200.0,2100000.0,2013.0,Jan,88.2,328239523.0,14.7
15100000,2761547758.0,Howto & Style,2618,United States,Entertainment,35900.0,573900.0,2010.0,Jan,88.2,328239523.0,14.7
15100000,4236036141.0,Gaming,2997,Spain,Entertainment,17900.0,286600.0,2013.0,Feb,88.9,47076781.0,13.96
15100000,5324913850.0,People & Blogs,753,Egypt,Entertainment,138200.0,2200000.0,2014.0,Oct,35.2,100388073.0,10.76
15100000,6668507856.0,Gaming,3733,Russia,Games,286800.0,4600000.0,2013.0,Jun,81.9,144373535.0,4.59
15100000,7857371770.0,Music,776,South Korea,Music,122400.0,2000000.0,2005.0,Oct,94.3,51709098.0,4.15
15100000,9477021288.0,Comedy,921,Argentina,Comedy,1500000.0,24600000.0,2016.0,Aug,90.0,44938712.0,9.79
15100000,10489367372.0,News & Politics,209520,Philippines,News,544900.0,8700000.0,2009.0,Oct,35.5,108116615.0,2.15
15100000,13897932103.0,Entertainment,2717,Russia,Entertainment,2100000.0,34200000.0,2020.0,Jan,81.9,144373535.0,4.59
15100000,12413869881.0,Music,52,United Kingdom,Music,254300.0,4100000.0,2009.0,Oct,60.0,66834405.0,3.85
15000000,4352427049.0,Gaming,2324,United Kingdom,Games,753000.0,12000000.0,2013.0,May,60.0,66834405.0,3.85
15000000,9924103188.0,People & Blogs,899,India,People,340700.0,5500000.0,2014.0,Aug,28.1,1366417754.0,5.36
15000000,8897705695.0,Entertainment,795,Brazil,Education,436400.0,7000000.0,2018.0,Jan,51.3,212559417.0,12.08
15000000,7159750970.0,Gaming,1362,United States,Games,129400.0,2100000.0,2009.0,Feb,88.2,328239523.0,14.7
15000000,2730879024.0,Education,0,United States,Games,0.0,0.0,2006.0,May,88.2,328239523.0,14.7
15000000,4008801873.0,Entertainment,724,Mexico,Entertainment,101600.0,1600000.0,2014.0,Nov,40.2,126014024.0,3.42
15000000,4741434420.0,Gaming,20292,United States,Games,125400.0,2000000.0,2005.0,Dec,88.2,328239523.0,14.7
15000000,6889304306.0,Gaming,5198,United States,Film,89200.0,1400000.0,2008.0,Apr,88.2,328239523.0,14.7
15000000,7536093065.0,News & Politics,206,India,News,3.0,48.0,2018.0,Aug,28.1,1366417754.0,5.36
15000000,8658553456.0,Entertainment,965,India,Entertainment,307100.0,4900000.0,2016.0,Oct,28.1,1366417754.0,5.36
15000000,9978734160.0,Music,2726,India,Music,726600.0,11600000.0,2014.0,Aug,28.1,1366417754.0,5.36
15000000,10239836582.0,Entertainment,1803,United States,Comedy,938600.0,15000000.0,2008.0,May,88.2,328239523.0,14.7
15000000,11827310821.0,News & Politics,269050,Indonesia,News,339200.0,5400000.0,2013.0,Aug,36.3,270203917.0,4.69
15000000,13562853889.0,Comedy,1788,Japan,Comedy,847100.0,13600000.0,2014.0,Jul,63.2,126226568.0,2.29
15000000,11506702632.0,Music,340,Brazil,Music,548600.0,8800000.0,2012.0,Apr,51.3,212559417.0,12.08
15000000,8932038210.0,Entertainment,3168,India,Entertainment,392200.0,6300000.0,2017.0,Apr,28.1,1366417754.0,5.36
14900000,10069000444.0,Music,419,United States,Music,359400.0,5800000.0,2007.0,Feb,88.2,328239523.0,14.7
14900000,8074260978.0,Entertainment,66362,Indonesia,Entertainment,130700.0,2100000.0,2012.0,Nov,36.3,270203917.0,4.69
14900000,4033400167.0,Entertainment,86,United States,Entertainment,33100.0,530100.0,2006.0,Feb,88.2,328239523.0,14.7
14900000,4395184343.0,Music,127,United States,Music,169100.0,2700000.0,2007.0,Nov,88.2,328239523.0,14.7
14900000,4977284539.0,Entertainment,8420,Spain,Games,41600.0,665200.0,2012.0,Feb,88.9,47076781.0,13.96
14900000,5549770244.0,Entertainment,27944,Thailand,Entertainment,148700.0,2400000.0,2011.0,Oct,49.3,69625582.0,0.75
14900000,439098.0,People & Blogs,1,Russia,News,23.0,369.0,2008.0,Aug,81.9,144373535.0,4.59
14900000,5956193599.0,Gaming,4175,Brazil,Games,119300.0,1900000.0,2011.0,Jul,51.3,212559417.0,12.08
14900000,8615618825.0,Entertainment,93,Japan,Autos,7.0,119.0,2012.0,Nov,63.2,126226568.0,2.29
14800000,13356517783.0,Music,1210,United States,Entertainment,183600.0,2900000.0,2006.0,Jun,88.2,328239523.0,14.7
14800000,1833519700.0,Education,1481,United States,Education,21500.0,344500.0,2006.0,May,88.2,328239523.0,14.7
14800000,3587576784.0,Music,195,United States,Music,68900.0,1100000.0,2010.0,May,88.2,328239523.0,14.7
14800000,5269059435.0,Gaming,3834,Australia,Games,63200.0,1000000.0,2013.0,Mar,113.1,25766605.0,5.27
14800000,7018015062.0,Howto & Style,2387,Ukraine,Howto,141400.0,2300000.0,2015.0,Oct,82.7,44385155.0,8.88
14800000,8649303688.0,People & Blogs,233,United States,Music,154900.0,2500000.0,2008.0,Jun,88.2,328239523.0,14.7
14800000,9076642765.0,Music,318,Brazil,Music,264400.0,4200000.0,2008.0,Jul,51.3,212559417.0,12.08
14800000,272678287.0,People & Blogs,34,Germany,Games,114.0,1800.0,2015.0,Jan,70.2,83132799.0,3.04
14800000,8866012877.0,People & Blogs,3867,United States,Howto,159500.0,2600000.0,2019.0,Jun,88.2,328239523.0,14.7
14700000,2230986039.0,Entertainment,1385,Saudi Arabia,Entertainment,8100.0,129300.0,2016.0,May,68.0,34268528.0,5.93
14700000,1321380490.0,Entertainment,85,United States,Entertainment,14300.0,229500.0,2017.0,Sep,88.2,328239523.0,14.7
14700000,1506796393.0,Entertainment,554,Spain,Entertainment,679.0,10900.0,2010.0,Feb,88.9,47076781.0,13.96
14700000,2465473772.0,Entertainment,317,United States,Education,56900.0,911000.0,2010.0,Aug,88.2,328239523.0,14.7
14700000,4029253667.0,Education,43564,India,Education,223400.0,3600000.0,2015.0,Jun,28.1,1366417754.0,5.36
14700000,6751985988.0,Comedy,698,United States,Entertainment,109000.0,1700000.0,2006.0,Mar,88.2,328239523.0,14.7
14700000,7255848125.0,Comedy,4340,United States,Comedy,0.0,0.0,2006.0,Oct,88.2,328239523.0,14.7
14700000,8882319696.0,Education,1996,United States,Education,238200.0,3800000.0,2012.0,Jan,88.2,328239523.0,14.7
14700000,12362331529.0,Entertainment,23490,India,Entertainment,1000000.0,16700000.0,2013.0,Nov,28.1,1366417754.0,5.36
14700000,12961669452.0,News & Politics,80830,United States,News,557100.0,8900000.0,2006.0,Aug,88.2,328239523.0,14.7
14700000,4684983333.0,Music,3978,Brazil,Entertainment,122900.0,2000000.0,2014.0,May,51.3,212559417.0,12.08
14600000,2613197447.0,Entertainment,490,Ecuador,Entertainment,49200.0,787600.0,2014.0,Dec,44.9,17373662.0,3.97
14600000,3337074920.0,People & Blogs,961,Spain,Games,181700.0,2900000.0,2013.0,Dec,88.9,47076781.0,13.96
14600000,3603556207.0,Gaming,1244,United States,Entertainment,277800.0,4400000.0,2012.0,Jul,88.2,328239523.0,14.7
14600000,4622581344.0,People & Blogs,951,Brazil,Entertainment,31600.0,506300.0,2015.0,Nov,51.3,212559417.0,12.08
14600000,5766647017.0,Gaming,4009,United States,Entertainment,455100.0,7300000.0,2012.0,Jul,88.2,328239523.0,14.7
14600000,6017932195.0,Music,365,United States,Music,106600.0,1700000.0,2011.0,Jan,88.2,328239523.0,14.7
14600000,11182302317.0,Music,1206,Brazil,Music,329600.0,5300000.0,2014.0,Aug,51.3,212559417.0,12.08
14600000,7952268926.0,Music,67,United States,Music,112900.0,1800000.0,2013.0,Feb,88.2,328239523.0,14.7
14600000,2750902766.0,Howto & Style,603,Mexico,Music,152000.0,2400000.0,2014.0,Jun,40.2,126014024.0,3.42
14600000,5525773746.0,Comedy,560,India,Film,417300.0,6700000.0,2019.0,Oct,28.1,1366417754.0,5.36
14500000,6944967581.0,Entertainment,479,United States,Entertainment,89800.0,1400000.0,2019.0,Sep,88.2,328239523.0,14.7
14500000,4577292740.0,Entertainment,453,United States,Film,1300.0,21600.0,2017.0,Feb,88.2,328239523.0,14.7
14500000,3551889957.0,Howto & Style,5430,Brazil,Howto,8500.0,136200.0,2017.0,Oct,51.3,212559417.0,12.08
14500000,4260187928.0,Entertainment,1717,United States,Entertainment,29700.0,475700.0,2015.0,Apr,88.2,328239523.0,14.7
14500000,4598387043.0,News & Politics,18972,United Kingdom,News,198800.0,3200000.0,2006.0,Apr,60.0,66834405.0,3.85
14500000,5014888374.0,People & Blogs,618,South Korea,People,14900.0,238100.0,2016.0,May,94.3,51709098.0,4.15
14500000,6290721701.0,Music,4790,India,Music,145300.0,2300000.0,2016.0,Oct,28.1,1366417754.0,5.36
14500000,8582696157.0,Entertainment,19201,United States,Entertainment,144900.0,2300000.0,2007.0,Jan,88.2,328239523.0,14.7
14500000,9383692066.0,Entertainment,68606,Thailand,Entertainment,136900.0,2200000.0,2011.0,Jun,49.3,69625582.0,0.75
14500000,10303519926.0,People & Blogs,293516,India,News,1300000.0,20100000.0,2018.0,Nov,28.1,1366417754.0,5.36
14500000,20042571499.0,Music,147,United States,Music,294600.0,4700000.0,2009.0,May,88.2,328239523.0,14.7
14500000,4315486422.0,Music,176,Morocco,Music,112700.0,1800000.0,2012.0,Dec,35.9,36910560.0,9.02
14500000,3517662420.0,Comedy,1064,Canada,Comedy,16000.0,255800.0,2010.0,Oct,68.9,36991981.0,5.56
14400000,600154268.0,Entertainment,364,South Korea,Entertainment,4100.0,65700.0,2017.0,Mar,94.3,51709098.0,4.15
14400000,2224121890.0,Gaming,3086,India,Games,41700.0,666800.0,2017.0,Sep,28.1,1366417754.0,5.36
14400000,1629801448.0,Entertainment,399,Peru,Entertainment,3000.0,48100.0,2014.0,May,70.7,32510453.0,3.31
14400000,2972474215.0,Entertainment,381,Saudi Arabia,Entertainment,14000.0,224300.0,2017.0,Dec,68.0,34268528.0,5.93
14400000,3086254545.0,Comedy,222,France,Comedy,34300.0,548000.0,2007.0,Feb,65.6,67059887.0,8.43
14400000,3900312631.0,Comedy,463,United States,Entertainment,25900.0,414500.0,2010.0,Dec,88.2,328239523.0,14.7
14400000,4035738731.0,Music,450,United States,Music,10700.0,170700.0,2008.0,Jun,88.2,328239523.0,14.7
14400000,4156427797.0,People & Blogs,1838,India,People,211200.0,3400000.0,2014.0,Apr,28.1,1366417754.0,5.36
14400000,4597228794.0,Howto & Style,1248,United States,Howto,80000.0,1300000.0,2010.0,Apr,88.2,328239523.0,14.7
14400000,8011977288.0,Entertainment,5628,India,Entertainment,637900.0,10200000.0,2020.0,Oct,28.1,1366417754.0,5.36
14400000,11423792969.0,Music,186,United States,Music,266000.0,4300000.0,2009.0,Nov,88.2,328239523.0,14.7
14400000,18515587421.0,Entertainment,101401,India,Entertainment,449400.0,7200000.0,2018.0,Feb,28.1,1366417754.0,5.36
14300000,4776507159.0,People & Blogs,576,United States,Entertainment,1200.0,19900.0,2014.0,Jul,88.2,328239523.0,14.7
14300000,6388439235.0,Comedy,1,United States,Entertainment,0.0,0.0,2011.0,Aug,88.2,328239523.0,14.7
14200000,6048517979.0,Music,1823,Philippines,Music,188000.0,3000000.0,2014.0,Jul,35.5,108116615.0,2.15
14200000,4040297006.0,Film & Animation,1281,Brazil,Entertainment,57100.0,913400.0,2014.0,Oct,51.3,212559417.0,12.08
14200000,6973932553.0,Entertainment,60,Ukraine,Entertainment,0.32,5.0,2016.0,Aug,82.7,44385155.0,8.88
14200000,1778318927.0,Howto & Style,876,Netherlands,Entertainment,107800.0,1700000.0,2008.0,Jun,85.0,17332850.0,3.2
14200000,2084791147.0,Gaming,342,United Kingdom,Games,162900.0,2600000.0,2015.0,Dec,60.0,66834405.0,3.85
14200000,3920559552.0,Gaming,1300,Mexico,Games,133700.0,2100000.0,2016.0,Jan,40.2,126014024.0,3.42
14200000,6554000320.0,Education,433,India,Education,425100.0,6800000.0,2014.0,Mar,28.1,1366417754.0,5.36
14200000,10238593147.0,Comedy,872,India,Comedy,1100000.0,17700000.0,2018.0,Jun,28.1,1366417754.0,5.36
14200000,11428794827.0,Entertainment,132398,India,Entertainment,179800.0,2900000.0,2008.0,Feb,28.1,1366417754.0,5.36
14200000,3317805543.0,Entertainment,1724,United States,Entertainment,38700.0,619300.0,2011.0,Aug,88.2,328239523.0,14.7
14100000,2131548711.0,Music,149,India,Music,76800.0,1200000.0,2012.0,Oct,28.1,1366417754.0,5.36
14100000,5129529846.0,Music,3,Australia,People,0.44,7.0,2015.0,Nov,113.1,25766605.0,5.27
14100000,5405563355.0,Autos & Vehicles,855,United Arab Emirates,Autos,1100000.0,17000000.0,2007.0,Sep,36.8,9770529.0,2.35
14100000,6036496916.0,Entertainment,2854,Indonesia,Entertainment,528200.0,8500000.0,2016.0,Jan,36.3,270203917.0,4.69
14100000,6884215292.0,Music,43,United States,Music,406700.0,6500000.0,2011.0,May,88.2,328239523.0,14.7
14100000,19013942981.0,Music,182,United States,Music,296500.0,4700000.0,2011.0,Jun,88.2,328239523.0,14.7
14100000,3280481927.0,Sports,777,United Kingdom,Sports,30700.0,490600.0,2011.0,Apr,60.0,66834405.0,3.85
14100000,4627069704.0,Entertainment,1540,Thailand,Entertainment,37500.0,600100.0,2006.0,Oct,49.3,69625582.0,0.75
14000000,4959982720.0,Gaming,5757,Brazil,People,30600.0,490100.0,2012.0,Dec,51.3,212559417.0,12.08
14000000,2214167846.0,Howto & Style,431,Sweden,Entertainment,41100.0,658000.0,2014.0,Sep,67.0,10285453.0,6.48
14000000,4674164601.0,People & Blogs,651,Mexico,Entertainment,80300.0,1300000.0,2014.0,Dec,40.2,126014024.0,3.42
14000000,7719743112.0,Gaming,2210,Russia,Games,451700.0,7200000.0,2013.0,Oct,81.9,144373535.0,4.59
14000000,8623705301.0,Music,294,Spain,Music,605000.0,9700000.0,2012.0,Dec,88.9,47076781.0,13.96
14000000,9660950823.0,Music,62,Mexico,Film,211900.0,3400000.0,2011.0,Aug,40.2,126014024.0,3.42
14000000,18917687143.0,People & Blogs,41117,United States,Animals,4100000.0,65500000.0,2014.0,Aug,88.2,328239523.0,14.7
14000000,13542939513.0,People & Blogs,9652,India,Comedy,400800.0,6400000.0,2015.0,Jul,28.1,1366417754.0,5.36
14000000,12597067132.0,Entertainment,3,India,Music,0.02,0.34,2007.0,Jan,28.1,1366417754.0,5.36
14000000,5094050461.0,Entertainment,1307,Brazil,People,204200.0,3300000.0,2015.0,Aug,51.3,212559417.0,12.08
13900000,5673347763.0,Gaming,5494,Brazil,Games,320200.0,5100000.0,2012.0,Aug,51.3,212559417.0,12.08
13900000,9106781518.0,Entertainment,2254,Jordan,Music,262900.0,4200000.0,2012.0,Jan,34.4,10101694.0,14.72
13900000,2244318380.0,Film & Animation,183,United States,Comedy,13800.0,220700.0,2009.0,Feb,88.2,328239523.0,14.7
13900000,5217553897.0,Entertainment,15075,India,Music,100500.0,1600000.0,2011.0,Feb,28.1,1366417754.0,5.36
13900000,5465532801.0,Entertainment,503,United States,Entertainment,80600.0,1300000.0,2018.0,Mar,88.2,328239523.0,14.7
13900000,12129583055.0,News & Politics,6,Bangladesh,Entertainment,0.0,0.05,2021.0,Feb,20.6,167310838.0,4.19
13900000,12513842343.0,Music,1660,United States,Music,291900.0,4700000.0,2006.0,Dec,88.2,328239523.0,14.7
13900000,2165885634.0,Education,369,United States,Education,132400.0,2100000.0,2010.0,Jul,88.2,328239523.0,14.7
13800000,2224911030.0,Entertainment,173,United States,Entertainment,299000.0,4800000.0,2015.0,Jan,88.2,328239523.0,14.7
13800000,1820559912.0,Science & Technology,887,Canada,Tech,251800.0,4000000.0,2006.0,Apr,68.9,36991981.0,5.56
13800000,2480957682.0,Gaming,1952,Netherlands,Games,165400.0,2600000.0,2017.0,Jul,85.0,17332850.0,3.2
13800000,5019136690.0,People & Blogs,520,Mexico,Howto,79600.0,1300000.0,2019.0,Mar,40.2,126014024.0,3.42
13800000,5727888539.0,News & Politics,190093,Pakistan,News,300200.0,4800000.0,2007.0,Jan,9.0,216565318.0,4.45
13800000,6646953396.0,Shows,1505,India,Education,236000.0,3800000.0,2014.0,Nov,28.1,1366417754.0,5.36
13800000,11039343563.0,Music,4978,India,Music,651300.0,10400000.0,2009.0,Aug,28.1,1366417754.0,5.36
13700000,1967930734.0,Comedy,696,Brazil,Entertainment,263400.0,4200000.0,2015.0,Feb,51.3,212559417.0,12.08
13700000,1973638757.0,Entertainment,975,India,Film,112900.0,1800000.0,2013.0,Oct,28.1,1366417754.0,5.36
13700000,1950178163.0,Entertainment,3298,Brazil,Entertainment,22300.0,357000.0,2008.0,Jan,51.3,212559417.0,12.08
13700000,9596430464.0,Comedy,1040,India,Comedy,1100000.0,18200000.0,2021.0,Aug,28.1,1366417754.0,5.36
13700000,2939201386.0,Howto & Style,2158,India,Howto,66700.0,1100000.0,2009.0,Aug,28.1,1366417754.0,5.36
13700000,4963275018.0,People & Blogs,340,India,Entertainment,83600.0,1300000.0,2014.0,Jul,28.1,1366417754.0,5.36
13700000,5457203710.0,Comedy,863,Vietnam,Comedy,105400.0,1700000.0,2014.0,Feb,28.5,96462106.0,2.01
13700000,8134379376.0,Music,438,Brazil,Music,192200.0,3100000.0,2009.0,Jun,51.3,212559417.0,12.08
13700000,5178142148.0,Education,495,India,Education,71700.0,1100000.0,2011.0,Oct,28.1,1366417754.0,5.36
13600000,2122062016.0,Gaming,368,Spain,Games,142300.0,2300000.0,2014.0,Jan,88.9,47076781.0,13.96
13600000,1948925559.0,Sports,412,United States,Sports,92000.0,1500000.0,2011.0,Feb,88.2,328239523.0,14.7
13600000,3764608356.0,Music,199,United States,Music,45800.0,733300.0,2007.0,May,88.2,328239523.0,14.7
13600000,5141201173.0,Education,1097,India,Film,32300.0,516700.0,2016.0,Dec,28.1,1366417754.0,5.36
13600000,9685060624.0,Pets & Animals,16047,United Kingdom,Entertainment,133200.0,2100000.0,2005.0,Nov,60.0,66834405.0,3.85
13600000,14717282742.0,Entertainment,8335,United States,Comedy,169900.0,2700000.0,2013.0,Jul,88.2,328239523.0,14.7
13500000,1181292450.0,Gaming,319,Indonesia,Games,40300.0,644900.0,2019.0,Jul,36.3,270203917.0,4.69
13500000,4301581610.0,Gaming,4312,Canada,Games,97700.0,1600000.0,2008.0,Aug,68.9,36991981.0,5.56
13500000,3445794123.0,Howto & Style,591,India,Howto,89100.0,1400000.0,2012.0,Mar,28.1,1366417754.0,5.36
13500000,5380132790.0,Entertainment,19,United Kingdom,Music,5.0,78.0,2015.0,Mar,60.0,66834405.0,3.85
13500000,5545936485.0,Music,814,United Kingdom,Music,105900.0,1700000.0,2006.0,Dec,60.0,66834405.0,3.85
13500000,8265920659.0,Entertainment,1403,Ukraine,People,225500.0,3600000.0,2016.0,Mar,82.7,44385155.0,8.88
13500000,3912334359.0,Entertainment,1793,India,Games,537700.0,8600000.0,2015.0,Apr,28.1,1366417754.0,5.36
13500000,11717217293.0,Comedy,975,United Kingdom,Entertainment,1500000.0,23800000.0,2013.0,Mar,60.0,66834405.0,3.85
13500000,7958771872.0,Entertainment,1357,India,Entertainment,329400.0,5300000.0,2019.0,Mar,28.1,1366417754.0,5.36
13500000,2750993392.0,Music,321,United States,Music,32400.0,517800.0,2006.0,May,88.2,328239523.0,14.7
13500000,1900272833.0,Howto & Style,462,United States,Howto,4000.0,64100.0,2010.0,Sep,88.2,328239523.0,14.7
13400000,11789678655.0,Music,7356,Colombia,Music,686700.0,11000000.0,2007.0,Feb,55.3,50339443.0,9.71
13400000,2139769210.0,People & Blogs,1028,India,People,3100.0,50100.0,2016.0,Sep,28.1,1366417754.0,5.36
13400000,2319515787.0,Howto & Style,1349,United States,Howto,43500.0,695900.0,2006.0,Dec,88.2,328239523.0,14.7
13400000,3363634923.0,Comedy,1195,Thailand,Entertainment,125000.0,2000000.0,2014.0,Dec,49.3,69625582.0,0.75
13400000,4356686216.0,Gaming,3727,United States,Games,50400.0,805700.0,2007.0,May,88.2,328239523.0,14.7
13400000,9569814790.0,News & Politics,296272,Philippines,News,346400.0,5500000.0,2007.0,Oct,35.5,108116615.0,2.15
13400000,10022557589.0,People & Blogs,319,United States,People,1200000.0,19100000.0,2014.0,Jun,88.2,328239523.0,14.7
13400000,4306212515.0,People & Blogs,96,United States,Sports,0.01,0.14,2006.0,Jan,88.2,328239523.0,14.7
13300000,2262690743.0,Science & Technology,3640,India,Tech,131000.0,2100000.0,2011.0,Nov,28.1,1366417754.0,5.36
13300000,6050102764.0,Gaming,8195,United States,Games,47100.0,753300.0,2006.0,Nov,88.2,328239523.0,14.7
13300000,3299216601.0,Entertainment,331,United States,Entertainment,5800.0,92600.0,2007.0,Nov,88.2,328239523.0,14.7
13300000,3733856870.0,Entertainment,698,United States,Entertainment,12700.0,203200.0,2007.0,Oct,88.2,328239523.0,14.7
13300000,4177184071.0,Entertainment,3166,United States,People,135300.0,2200000.0,2008.0,Jun,88.2,328239523.0,14.7
13300000,6482687220.0,People & Blogs,608,Russia,Entertainment,270700.0,4300000.0,2015.0,Oct,81.9,144373535.0,4.59
13300000,9088562002.0,People & Blogs,2742,United States,Education,485700.0,7800000.0,2011.0,Nov,88.2,328239523.0,14.7
13300000,7923901253.0,Entertainment,2411,Ukraine,Entertainment,0.0,0.0,2014.0,Sep,82.7,44385155.0,8.88
13300000,7773543609.0,Gaming,4613,United States,Entertainment,566800.0,9100000.0,2007.0,May,88.2,328239523.0,14.7
13300000,7406628736.0,Comedy,6916,United States,Comedy,52400.0,838500.0,2007.0,Jan,88.2,328239523.0,14.7
13300000,2831275503.0,Howto & Style,1489,India,Howto,129400.0,2100000.0,2014.0,Oct,28.1,1366417754.0,5.36
13300000,4129249415.0,Gaming,1640,Saudi Arabia,Games,212100.0,3400000.0,2013.0,Aug,68.0,34268528.0,5.93
13300000,6412313570.0,Gaming,1749,Canada,Entertainment,16200.0,258600.0,2015.0,May,68.9,36991981.0,5.56
13200000,9884886099.0,Entertainment,538,United States,Entertainment,958900.0,15300000.0,2021.0,Feb,88.2,328239523.0,14.7
13200000,1148422000.0,Entertainment,192,Russia,Entertainment,26300.0,420900.0,2019.0,Jan,81.9,144373535.0,4.59
13200000,2036408398.0,Gaming,172,Finland,Games,61100.0,977700.0,2017.0,Apr,88.2,5520314.0,6.59
13200000,3789736218.0,Entertainment,8019,India,Music,76000.0,1200000.0,2010.0,Dec,28.1,1366417754.0,5.36
13200000,5224764969.0,Entertainment,413,Brazil,Entertainment,193600.0,3100000.0,2018.0,Jan,51.3,212559417.0,12.08
13200000,5263540904.0,Education,4279,United States,Education,155500.0,2500000.0,2011.0,Feb,88.2,328239523.0,14.7
13200000,20743586601.0,Music,237,Colombia,Music,258800.0,4100000.0,2010.0,Sep,55.3,50339443.0,9.71
13200000,9378175604.0,People & Blogs,6888,United States,People,358200.0,5700000.0,2011.0,May,88.2,328239523.0,14.7
13200000,1138262456.0,Science & Technology,1022,India,Tech,55600.0,888900.0,2015.0,Nov,28.1,1366417754.0,5.36
13200000,1758603195.0,People & Blogs,393,India,Howto,34500.0,551500.0,2017.0,Apr,28.1,1366417754.0,5.36
13100000,2182651464.0,Entertainment,33,United States,People,0.74,12.0,2022.0,Jun,88.2,328239523.0,14.7
13100000,1401914513.0,People & Blogs,287,Philippines,People,32500.0,520700.0,2017.0,Jul,35.5,108116615.0,2.15
13100000,4712624489.0,Music,1262,India,Music,103300.0,1700000.0,2010.0,Dec,28.1,1366417754.0,5.36
13100000,2555801802.0,People & Blogs,1077,Brazil,People,132000.0,2100000.0,2015.0,Nov,51.3,212559417.0,12.08
13100000,4214172991.0,Film & Animation,1365,Brazil,Film,82000.0,1300000.0,2014.0,May,51.3,212559417.0,12.08
13100000,4399833602.0,People & Blogs,435,United States,Howto,182000.0,2900000.0,2017.0,Feb,88.2,328239523.0,14.7
13100000,4608751851.0,Music,73,Brazil,Music,144700.0,2300000.0,2013.0,Apr,51.3,212559417.0,12.08
13100000,2879263916.0,People & Blogs,1444,Ecuador,Games,188700.0,3000000.0,2016.0,Jul,44.9,17373662.0,3.97
13100000,5333569294.0,Entertainment,36760,Brazil,Entertainment,52800.0,844200.0,2011.0,Oct,51.3,212559417.0,12.08
13100000,5264039679.0,Music,194,United States,Music,152800.0,2400000.0,2009.0,Sep,88.2,328239523.0,14.7
13100000,6637820731.0,Music,12,Samoa,Music,1.0,18.0,2006.0,May,7.6,202506.0,8.36
13000000,2683297849.0,Entertainment,838,Italy,Entertainment,89600.0,1400000.0,2011.0,May,61.9,60297396.0,9.89
13000000,1024467771.0,Comedy,625,Brazil,Entertainment,9200.0,146500.0,2009.0,Mar,51.3,212559417.0,12.08
13000000,10664585.0,Entertainment,29,Indonesia,Entertainment,0.0,0.0,2016.0,Jan,36.3,270203917.0,4.69
13000000,1698279553.0,Music,409,France,Music,91400.0,1500000.0,2015.0,Mar,65.6,67059887.0,8.43
13000000,8739174649.0,Gaming,510,South Korea,Games,3200000.0,51900000.0,2020.0,Jul,94.3,51709098.0,4.15
13000000,9999238237.0,Entertainment,716,United States,Entertainment,123300.0,2000000.0,2007.0,Apr,88.2,328239523.0,14.7
13000000,6270909026.0,Entertainment,1299,Mexico,Entertainment,1100000.0,17700000.0,2017.0,Mar,40.2,126014024.0,3.42
13000000,4349562794.0,Music,521,Brazil,Music,88600.0,1400000.0,2012.0,Jun,51.3,212559417.0,12.08
13000000,4637474071.0,Comedy,612,United States,People,0.0,0.0,2012.0,Aug,88.2,328239523.0,14.7
12900000,2112274210.0,People & Blogs,4712,Brazil,People,95400.0,1500000.0,2013.0,Jan,51.3,212559417.0,12.08
12900000,140022442.0,Entertainment,69,Brazil,Entertainment,443.0,7100.0,2015.0,Jan,51.3,212559417.0,12.08
12900000,2509752944.0,Sports,1572,Spain,Sports,36000.0,575700.0,2010.0,Nov,88.9,47076781.0,13.96
12900000,3178222797.0,Entertainment,193,South Korea,Entertainment,12000.0,192100.0,2016.0,Aug,94.3,51709098.0,4.15
12900000,3643698504.0,Entertainment,1598,United States,Entertainment,88100.0,1400000.0,2014.0,Jan,88.2,328239523.0,14.7
12900000,6300933122.0,Music,39,United States,Music,273700.0,4400000.0,2005.0,Nov,88.2,328239523.0,14.7
12900000,7520379951.0,People & Blogs,169304,United Arab Emirates,News,240700.0,3900000.0,2006.0,Sep,36.8,9770529.0,2.35
12900000,15446707595.0,Music,137,United States,Music,227300.0,3600000.0,2009.0,May,88.2,328239523.0,14.7
12900000,5585085130.0,Shows,1255,Ukraine,Entertainment,213400.0,3400000.0,2014.0,Jul,82.7,44385155.0,8.88
12900000,2848466522.0,Education,2337,Indonesia,Entertainment,2500.0,40200.0,2016.0,Oct,36.3,270203917.0,4.69
12800000,3632438963.0,Entertainment,233,United Kingdom,Film,83900.0,1300000.0,2014.0,Sep,60.0,66834405.0,3.85
12800000,5863456698.0,Comedy,1727,Iraq,Comedy,106000.0,1700000.0,2016.0,Jan,16.2,39309783.0,12.82
12800000,6662288136.0,Music,323,Spain,Education,162000.0,2600000.0,2013.0,Mar,88.9,47076781.0,13.96
12800000,6970899521.0,Entertainment,3483,Canada,Entertainment,54400.0,869600.0,2010.0,Apr,68.9,36991981.0,5.56
12800000,9502983550.0,Comedy,681,United States,Comedy,686900.0,11000000.0,2015.0,Oct,88.2,328239523.0,14.7
12800000,7876740921.0,Education,2044,India,Education,641200.0,10300000.0,2020.0,Apr,28.1,1366417754.0,5.36
12800000,14185611472.0,Music,168,United States,Music,268700.0,4300000.0,2009.0,Sep,88.2,328239523.0,14.7
12700000,4266957149.0,Comedy,2483,Mexico,Comedy,232400.0,3700000.0,2007.0,Oct,40.2,126014024.0,3.42
12700000,4579773883.0,Music,594,Spain,Music,30200.0,484000.0,2013.0,Dec,88.9,47076781.0,13.96
12700000,9927699419.0,Music,119,United States,Film,1400.0,22700.0,2020.0,Nov,88.2,328239523.0,14.7
12700000,13174393401.0,Entertainment,142,United States,Music,509900.0,8200000.0,2015.0,Jan,88.2,328239523.0,14.7
12700000,4733873025.0,Howto & Style,812,United States,Howto,131600.0,2100000.0,2017.0,Jun,88.2,328239523.0,14.7
12700000,1081285962.0,Gaming,504,Brazil,Games,10900.0,173700.0,2015.0,May,51.3,212559417.0,12.08
12700000,1714955279.0,People & Blogs,252,Colombia,People,982800.0,15700000.0,2015.0,Dec,55.3,50339443.0,9.71
12600000,3303595310.0,Gaming,825,United Kingdom,Entertainment,176500.0,2800000.0,2014.0,Jun,60.0,66834405.0,3.85
12600000,3152402405.0,People & Blogs,1101,United States,People,17900.0,285700.0,2010.0,Feb,88.2,328239523.0,14.7
12600000,3485373675.0,People & Blogs,683,South Korea,People,339400.0,5400000.0,2012.0,Nov,94.3,51709098.0,4.15
12600000,8831179714.0,Music,99,United States,Music,105100.0,1700000.0,2010.0,Apr,88.2,328239523.0,14.7
12600000,6969178081.0,Music,218,United Kingdom,Music,110000.0,1800000.0,2007.0,Jan,60.0,66834405.0,3.85
12500000,1612094871.0,Entertainment,385,United Kingdom,Entertainment,25400.0,407200.0,2006.0,Nov,60.0,66834405.0,3.85
12500000,1136534702.0,Entertainment,601,United States,Entertainment,46000.0,736300.0,2013.0,Jul,88.2,328239523.0,14.7
12500000,1002219689.0,Howto & Style,1810,India,People,4200.0,66900.0,2016.0,Sep,28.1,1366417754.0,5.36
12500000,1402042328.0,Gaming,1109,Mexico,Games,26600.0,425700.0,2014.0,Jan,40.2,126014024.0,3.42
12500000,6956320454.0,Education,1459,Spain,Education,49000.0,783300.0,2014.0,Jun,88.9,47076781.0,13.96
12500000,2983799729.0,Howto & Style,1076,United States,Entertainment,333800.0,5300000.0,2014.0,Feb,88.2,328239523.0,14.7
12500000,3140883140.0,Travel & Events,766,Mexico,Entertainment,93000.0,1500000.0,2015.0,Jul,40.2,126014024.0,3.42
12500000,4625777945.0,Entertainment,1888,Brazil,Entertainment,21500.0,343600.0,2011.0,May,51.3,212559417.0,12.08
12500000,4935793409.0,Entertainment,151136,India,News,175600.0,2800000.0,2006.0,May,28.1,1366417754.0,5.36
12500000,7489455451.0,Music,377,Mexico,Entertainment,347600.0,5600000.0,2008.0,Nov,40.2,126014024.0,3.42
12500000,10384848759.0,Entertainment,1699,India,Entertainment,707100.0,11300000.0,2017.0,Jan,28.1,1366417754.0,5.36
12500000,11552190002.0,Entertainment,102699,India,Entertainment,1000000.0,16800000.0,2008.0,Aug,28.1,1366417754.0,5.36
12500000,11691081301.0,Entertainment,11907,India,Entertainment,540100.0,8600000.0,2015.0,Aug,28.1,1366417754.0,5.36
12500000,16690788752.0,Music,253,Brazil,Music,641100.0,10300000.0,2011.0,Sep,51.3,212559417.0,12.08
12500000,5146004207.0,Music,19899,India,Music,33200.0,531800.0,2011.0,Apr,28.1,1366417754.0,5.36
12500000,4465772496.0,Comedy,117,India,Comedy,39400.0,630800.0,2018.0,Feb,28.1,1366417754.0,5.36
12400000,7597013023.0,Comedy,398,United States,Comedy,2700000.0,43400000.0,2019.0,Mar,88.2,328239523.0,14.7
12400000,2394143260.0,Gaming,690,United States,Entertainment,83.0,1300.0,2006.0,Jan,88.2,328239523.0,14.7
12400000,2862685032.0,People & Blogs,226,Mexico,People,30800.0,493300.0,2014.0,Aug,40.2,126014024.0,3.42
12400000,2602614088.0,Comedy,9,Brazil,Comedy,0.0,0.0,2010.0,Aug,51.3,212559417.0,12.08
12400000,1113066203.0,Entertainment,409,Indonesia,Entertainment,2400.0,38700.0,2012.0,Apr,36.3,270203917.0,4.69
12400000,2840137980.0,Gaming,1024,Spain,Games,72100.0,1200000.0,2012.0,Jun,88.9,47076781.0,13.96
12400000,4021409291.0,Entertainment,813,Canada,Entertainment,28800.0,460600.0,2015.0,Nov,68.9,36991981.0,5.56
12400000,6933660906.0,Gaming,12419,Spain,Games,247900.0,4000000.0,2012.0,Oct,88.9,47076781.0,13.96
12400000,7683670251.0,Film & Animation,1212,India,Entertainment,285500.0,4600000.0,2012.0,Jul,28.1,1366417754.0,5.36
12400000,7741764747.0,People & Blogs,459,India,People,114500.0,1800000.0,2018.0,Nov,28.1,1366417754.0,5.36
12400000,12607488647.0,Music,4422,United Kingdom,Entertainment,104300.0,1700000.0,2007.0,Dec,60.0,66834405.0,3.85
12400000,16086808918.0,Comedy,0,United States,People,0.0,0.0,2016.0,May,88.2,328239523.0,14.7
12400000,2315226648.0,Howto & Style,729,India,Howto,92900.0,1500000.0,2016.0,Aug,28.1,1366417754.0,5.36
12400000,6202090191.0,Music,205,United States,Music,150600.0,2400000.0,2005.0,Oct,88.2,328239523.0,14.7
12400000,4779139505.0,Education,1340,United States,Games,532800.0,8500000.0,2016.0,Apr,88.2,328239523.0,14.7
12400000,6993406259.0,Music,99,United States,Entertainment,148200.0,2400000.0,2012.0,Jan,88.2,328239523.0,14.7
12300000,9029609749.0,Sports,1200,Brazil,Entertainment,1700000.0,26500000.0,2017.0,Feb,51.3,212559417.0,12.08
12300000,1674409945.0,People & Blogs,1500,India,Games,194200.0,3100000.0,2018.0,Sep,28.1,1366417754.0,5.36
12300000,374123483.0,Gaming,39,Sweden,Games,11600.0,185800.0,2012.0,May,67.0,10285453.0,6.48
12300000,2129773714.0,Comedy,62,India,Comedy,72000.0,1200000.0,2017.0,Aug,28.1,1366417754.0,5.36
